Name,CommonName,SectorAbbr,Type,AtisId,Region,Level,Dup,Location,Lat,Lon,Symbol,Color,Size,Lnum,PRNum,Name_1,MapName,ATISName,Address,Town,Source,Spaces,FillsRegur,TimeFull,BikeLocker,NUMBikeLoc,BikeRack,TVM,ElectCar,ElectricCa,Restrooms,Hours,Notes
Ghpr - Gig Harbor P-r (KIMBALL DR),North Gig Harbor,GH,570,3000494.000000,1.000000,2.000000,,"[205454,221507]",47.319513,-122.587060,34.000000,213.000000,12.000000,187.000000,0.000000,North Gig Harbor,Kimball Drive,Kimball Drive P-r,SR-16 & Kimball Dr,Gig Harbor,PT,306.000000,,0.000000,Y,0.000000,,,,,,,
Gig Harbor P-r (KIMBALL DR),North Gig Harbor,GH,570,3000967.000000,1.000000,2.000000,,"[205454,221507]",47.319513,-122.587060,34.000000,213.000000,12.000000,187.000000,0.000000,North Gig Harbor,Kimball Drive,Kimball Drive P-r,SR-16 & Kimball Dr,Gig Harbor,PT,306.000000,,0.000000,Y,0.000000,,,,,,,
Kimball Drive P-r,North Gig Harbor,GH,570,3001166.000000,1.000000,2.000000,,"[205454,221507]",47.319513,-122.587060,34.000000,11173632.000000,12.000000,187.000000,0.000000,North Gig Harbor,Kimball Drive,Kimball Drive P-r,SR-16 & Kimball Dr,Gig Harbor,PT,306.000000,,0.000000,Y,0.000000,,,,,,,
Sr 512 P-r,SR-512 (Lakewood),LCTAC,570,3000457.000000,1.000000,2.000000,,"[229910,163082]",47.160865,-122.483430,34.000000,11173632.000000,12.000000,201.000000,144.000000,SR-512 (Lakewood),SR 512,,10417 South Tacoma Way,Lakewood,PT,493.000000,,0.000000,Y,0.000000,,,,,,,
Roy Y P-r,"Roy ""Y""",98387,570,3000141.000000,1.000000,2.000000,,"[241450,134281]",47.082597,-122.434650,34.000000,11173632.000000,12.000000,194.000000,142.000000,"Roy ""Y""",Roy ™Yš,Roy Y P-r,SR 507 & Pacific Ave S,Spanaway,PT,100.000000,,0.000000,,0.000000,,,,,,,
S Hill P-r,South Hill,PY,570,3000497.000000,1.000000,2.000000,,"[274525,162312]",47.161235,-122.304080,34.000000,213.000000,12.000000,195.000000,133.000000,South Hill,South Hill,South Hill P-r,3300 94th Ave E,Puyallup,PT,350.000000,,0.000000,,0.000000,,,,,,,
Shpr - South Hill P-r,South Hill,PY,570,3000729.000000,1.000000,1.000000,,"[274525,162312]",47.161235,-122.304080,34.000000,32512.000000,18.000000,195.000000,133.000000,South Hill,South Hill,South Hill P-r,3300 94th Ave E,Puyallup,PT,350.000000,,0.000000,,0.000000,,,,,,,
South Hill P-r,South Hill,PY,570,3000972.000000,1.000000,1.000000,,"[274525,162312]",47.161235,-122.304080,34.000000,32512.000000,18.000000,195.000000,133.000000,South Hill,South Hill,South Hill P-r,3300 94th Ave E,Puyallup,PT,350.000000,,0.000000,,0.000000,,,,,,,
Puyallup Sounder Station,Puyallup Sounder Station,98371,510,1002575.000000,1.000000,2.000000,,"[276826, 173786]",47.192805,-122.295710,34.000000,0.000000,12.000000,193.000000,132.000000,Puyallup Sounder Station,Puyallup Sounder Station,Puyallup Sounder Station,131 W Main St,Puyallup,PT,364.000000,,0.000000,,0.000000,,,,,,,
Lakeland Hills - Sunset Park,Sunset Park,AU,570,3001212.000000,1.000000,2.000000,,"[297882,192877]",47.246200,-122.212420,34.000000,213.000000,12.000000,161.000000,82.000000,Sunset Park,Sunset Park,Sunset Park,1306 69th St SE,Auburn,MT,10.000000,,0.000000,,0.000000,,,,,,,
North Seattle P-r,North Seattle P-r,SEA,570,1000908.000000,1.000000,2.000000,,10001 1ST AVE NE,47.701564,-122.328720,34.000000,213.000000,12.000000,116.000000,44.000000,North Seattle P-r,North Seattle P&R,North Seattle P-r,10001 1st Ave NE,Seattle,MT,143.000000,Y,9.000000,Y,4.000000,,,,,,,
Holy Spirit Lutheran Church P-r,Holy Spirit Lutheran Church P-r,KIRK,570,1002352.000000,1.000000,2.000000,,10021 NE 124TH ST,47.711040,-122.207390,34.000000,213.000000,12.000000,84.000000,109.000000,Holy Spirit Lutheran Church P-r,Holy Spirit Lutheran Church,Holy Spirit Lutheran Church P-r,10021 NE 124th St,Kirkland,MT,40.000000,,0.000000,,0.000000,,,,,,,
Auburn P-r,Auburn P-r,98001,570,1002324.000000,1.000000,2.000000,,101 15TH ST NE,47.321234,-122.228000,34.000000,213.000000,12.000000,49.000000,64.000000,Auburn P-r,Auburn P&R,Auburn P-r,101 15th St NE,Auburn,MT,358.000000,,0.000000,Y,4.000000,,,,,,,
Thorton Place P-r Garage,Thorton Place P-r Garage,SEA,570,1002775.000000,1.000000,2.000000,,10106 3RD AVE NE,47.701471,-122.325760,34.000000,213.000000,12.000000,163.000000,56.000000,Thorton Place P-r Garage,Thornton Place Garage,Thorton Place P-r Garage,3rd Ave NE & NE 100th St,Seattle,MT,350.000000,,0.000000,,0.000000,,,,,,Garage hours: 6 AM - 8 PM,Garage Floors P1 & P2
Northgate Transit Center P-r,Northgate Transit Center P-r,SEA,570,1002651.000000,1.000000,2.000000,,10200 1ST AVE NE,47.702019,-122.327310,34.000000,213.000000,12.000000,118.000000,93.000000,Northgate Transit Center P-r,Northgate Transit Center,Northgate Transit Center P-r,10200 1st Ave NE,Seattle,MT,296.000000,Y,9.000000,Y,12.000000,,,,,,,
Bothell P-r,Bothell P-r,98011,570,1002307.000000,1.000000,2.000000,,10303 WOODINVILLE DR,47.759595,-122.201410,34.000000,213.000000,12.000000,62.000000,45.000000,Bothell P-r,Bothell P&R,Bothell P-r,10303 Woodinville Dr,Bothell,MT,220.000000,Y,9.000000,,0.000000,
Issaquah Transit Center P-r,Issaquah Transit Center P-r,IS,570,1002748.000000,1.000000,2.000000,,1050 17TH AVE NW,47.542886,-122.062470,34.000000,213.000000,12.000000,88.000000,71.000000,Issaquah Transit Center P-r,Issaquah Transit Center,Issaquah Transit Center P-r,1050 17th Ave NW,Issaquah,MT,800.000000,,0.000000,Y,4.000000,
South Kirkland P-r,South Kirkland P-r,98004,570,1002311.000000,1.000000,2.000000,,10610 NE 38TH PL,47.644125,-122.196380,34.000000,213.000000,12.000000,149.000000,49.000000,South Kirkland P-r,South Kirkland P&R,South Kirkland P-r,10610 NE 38th Pl,Kirkland,MT,596.000000,Y,9.000000,Y,6.000000,Y
Kent United Methodist Church P-r,Kent United Methodist Church P-r,KEN,570,1000895.000000,1.000000,2.000000,,11010 SE 248TH ST,47.379903,-122.194360,34.000000,213.000000,12.000000,94.000000,124.000000,Kent United Methodist Church P-r,Kent United Methodist Church,Kent United Methodist Church P-r,11010 SE 248th St,Kent,MT,23.000000,,0.000000,,0.000000,
Community Bible Fellowship P-r,Community Bible Fellowship P-r,SEATU,570,1001080.000000,1.000000,2.000000,,11227 RENTON AVE S,47.502552,-122.250800,34.000000,213.000000,12.000000,68.000000,21.000000,Community Bible Fellowship P-r,Community Bible Fellowship,Community Bible Fellowship P-r,11227 Renton Avenue South,Seattle,MT,29.000000,,0.000000,,0.000000,
Sefs,South Everett Freeway Station,98208,570,1351.000000,1.000000,1.000000,,112TH ST SE & I-5,47.898066,-122.214750,34.000000,8323072.000000,18.000000,41.000000,0.000000,South Everett Freeway Station,South Everett Freeway Station,South Everett Freeway Station,112th Street & I-5,Everett,CT,397.000000,Y,8.000000,Y,0.000000,
Sepr,South Everett Freeway Station,98208,570,865.000000,1.000000,1.000000,y,112TH ST SE & I-5,47.898242,-122.214670,34.000000,8323072.000000,18.000000,41.000000,0.000000,South Everett Freeway Station,South Everett Freeway Station,South Everett Freeway Station,112th Street & I-5,Everett,CT,397.000000,Y,8.000000,Y,0.000000,
South Everett Freeway Station,South Everett Freeway Station,98208,570,864.000000,1.000000,1.000000,y,112TH ST SE & I-5,47.898066,-122.214750,34.000000,8323072.000000,18.000000,41.000000,0.000000,South Everett Freeway Station,South Everett Freeway Station,South Everett Freeway Station,112th Street & I-5,Everett,CT,397.000000,Y,8.000000,Y,0.000000,
South Everett Fs,South Everett Freeway Station,98208,570,1350.000000,1.000000,1.000000,y,112TH ST SE & I-5,47.898066,-122.214750,34.000000,8323072.000000,18.000000,41.000000,0.000000,South Everett Freeway Station,South Everett Freeway Station,South Everett Freeway Station,112th Street & I-5,Everett,CT,397.000000,Y,8.000000,Y,0.000000,
South Everett Park - Ride,South Everett Freeway Station,98208,570,1352.000000,1.000000,1.000000,y,112TH ST SE & I-5,47.898242,-122.214670,34.000000,8323072.000000,18.000000,41.000000,0.000000,South Everett Freeway Station,South Everett Freeway Station,South Everett Freeway Station,112th Street & I-5,Everett,CT,397.000000,Y,8.000000,Y,0.000000,
South Everett P-r,South Everett Freeway Station,98208,570,863.000000,1.000000,1.000000,y,112TH ST SE & I-5,47.898242,-122.214670,34.000000,8323072.000000,18.000000,41.000000,0.000000,South Everett Freeway Station,South Everett Freeway Station,South Everett Freeway Station,112th Street & I-5,Everett,CT,397.000000,Y,8.000000,Y,0.000000,
Lakewood Sounder Station,Lakewood Sounder Station,LCTAC,570,3001209.000000,1.000000,2.000000,,11462 PACIFIC HWY SW,47.153036,-122.498050,34.000000,11173632.000000,12.000000,188.000000,0.000000,Lakewood Sounder Station,Lakewood Sounder Station,Lakewood Sounder Station,11500 Pacific Hwy SW,Lakewood,PT,600.000000,,0.000000,,0.000000,
Redmond Family Church P-r,Redmond Family Church P-r,RED,570,1002618.000000,1.000000,2.000000,,11500 REDMOND-WOODINVILLE RD NE,47.703047,-122.131480,34.000000,213.000000,12.000000,132.000000,77.000000,Redmond Family Church P-r,Redwood Family Church,Redmond Family Church P-r,11500 Redmond-Woodinville Road NE,Redmond,MT,10.000000,,0.000000,,0.000000,
Family Life Center P-r,Family Life Center P-r,AU,570,1002725.000000,1.000000,2.000000,,116 LAKELAND HILLS WAY SE,47.262244,-122.228380,34.000000,213.000000,12.000000,77.000000,81.000000,Family Life Center P-r,Family Life Center Church of God,Family Life Center P-r,116 Lakeland Hills Way SE,Auburn,MT,27.000000,,0.000000,,0.000000,
Kent Covenant Church P-r,Kent Covenant Church P-r,KEN,570,1000902.000000,1.000000,2.000000,,12010 SE 240TH ST,47.387280,-122.180940,34.000000,213.000000,12.000000,92.000000,10.000000,Kent Covenant Church P-r,Kent Covenant Church,Kent Covenant Church P-r,12010 SE 240th St,Kent,MT,20.000000,,0.000000,,0.000000,
Bellevue Christian Reformed Church P-r,Bellevue Christian Reformed Church P-r,BEL,570,1002375.000000,1.000000,2.000000,,1221 148TH AVE NE,47.621337,-122.143330,34.000000,213.000000,12.000000,55.000000,11.000000,Bellevue Christian Reformed Church P-r,Bellevue Christian Reformed Church,Bellevue Christian Reformed Church P-r,1221 148th Ave NE,Bellevue,MT,20.000000,,0.000000,,0.000000,
Newport Covenant Church P-r,Newport Covenant Church P-r,BEL,570,1000890.000000,1.000000,2.000000,,1280 COAL CREEK PKWY,47.564803,-122.170710,34.000000,213.000000,12.000000,111.000000,113.000000,Newport Covenant Church P-r,Newport Covenant Church,Newport Covenant Church P-r,12800 SE Coal Creek Pkwy,Bellevue,MT,75.000000,,0.000000,,0.000000,,,,
Kingsgate P-r,Kingsgate P-r,KIRK,570,1002309.000000,1.000000,2.000000,,13001 116TH WAY NE,47.717534,-122.187930,34.000000,213.000000,12.000000,97.000000,47.000000,Kingsgate P-r,Kingsgate P&R,Kingsgate P-r,13001 116th Wy NE,Kirkland,MT,502.000000,Y,9.000000,Y,8.000000,,,,
Sunset Park,Sunset Park,98390,570,1002724.000000,1.000000,2.000000,,1306 69TH ST SE,47.246060,-122.212280,34.000000,213.000000,12.000000,161.000000,82.000000,Sunset Park,Sunset Park,Sunset Park,1306 69th St SE,Auburn,MT,10.000000,,0.000000,,0.000000,,,,
Sunset P-r,Sunset Park,AU,570,3001219.000000,1.000000,1.000000,,1306 69TH ST SE,47.245906,-122.212140,34.000000,32512.000000,18.000000,161.000000,82.000000,Sunset Park,Sunset Park,Sunset Park,1306 69th St SE,Auburn,MT,10.000000,,0.000000,,0.000000,,,,
Cedar And Grove P-r,Marysville at Cedar and Grove Park & Ride,MA,570,2508.000000,1.000000,1.000000,,1310 GROVE ST,48.061384,-122.179550,34.000000,8323072.000000,18.000000,27.000000,0.000000,Marysville at Cedar and Grove Park & Ride,Marysville at Cedar and Grove P & R,Marysville At Cedar And Grove Park - Rid,1310 Grove Street,Marysville,CT,213.000000,,0.000000,Y,0.000000,,,,
Marysville At Cedar And Grove Park - Rid,Marysville at Cedar and Grove Park & Ride,MA,570,2507.000000,1.000000,1.000000,y,1310 GROVE ST,48.061384,-122.179550,34.000000,8323072.000000,18.000000,27.000000,0.000000,Marysville at Cedar and Grove Park & Ride,Marysville at Cedar and Grove P & R,Marysville At Cedar And Grove Park - Rid,1310 Grove Street,Marysville,CT,213.000000,,0.000000,Y,0.000000,,,,
Msvlcgpr,Marysville at Cedar and Grove Park & Ride,MA,570,2509.000000,1.000000,1.000000,y,1310 GROVE ST,48.061384,-122.179550,34.000000,8323072.000000,18.000000,27.000000,0.000000,Marysville at Cedar and Grove Park & Ride,Marysville at Cedar and Grove P & R,Marysville At Cedar And Grove Park - Rid,1310 Grove Street,Marysville,CT,213.000000,,0.000000,Y,0.000000,,,,
Fairwood Assembly Of God P-r,Fairwood Assembly Of God P-r,REN,570,1002359.000000,1.000000,2.000000,,13120 SE 192ND ST (RENTON),47.430118,-122.166810,34.000000,213.000000,12.000000,76.000000,118.000000,Fairwood Assembly Of God P-r,Fairwood Assembly of God,Fairwood Assembly Of God P-r,13120 SE 192nd St,Renton,MT,25.000000,Y,9.000000,,0.000000,,,,
Mariner Park - Ride,Mariner Park & Ride,EV,570,1303.000000,1.000000,1.000000,,13132 4TH AVE W (SOUTH OF 128TH ST SW),47.879742,-122.238600,34.000000,8323072.000000,18.000000,24.000000,166.000000,Mariner Park & Ride,Mariner P&R,Mariner P-r,13132 4th Ave W,Everett,CT,667.000000,,0.000000,Y,0.000000,,,,
Mariner P-r,Mariner Park & Ride,EV,570,711.000000,1.000000,1.000000,y,13132 4TH AVE W (SOUTH OF 128TH ST SW),47.879742,-122.238600,34.000000,8323072.000000,18.000000,24.000000,166.000000,Mariner Park & Ride,Mariner P&R,Mariner P-r,13132 4th Ave W,Everett,CT,667.000000,,0.000000,Y,0.000000,,,,
Mpr,Mariner Park & Ride,EV,570,705.000000,1.000000,1.000000,y,13132 4TH AVE W (SOUTH OF 128TH ST SW),47.879742,-122.238600,34.000000,8323072.000000,18.000000,24.000000,166.000000,Mariner Park & Ride,Mariner P&R,Mariner P-r,13132 4th Ave W,Everett,CT,667.000000,,0.000000,Y,0.000000,,,,
Tukwila Interurban Investment P-r,Tukwila Interurban Investment P-r,98168,570,1002706.000000,1.000000,2.000000,,13445 INTERURBAN AVE S,47.481723,-122.267600,34.000000,213.000000,12.000000,169.000000,7.000000,Tukwila Interurban Investment P-r,Tukwila Interurban Investment,Tukwila Interurban Investment P-r,13445 Interurban Ave S,Tukwila,MT,41.000000,Y,9.000000,,0.000000,,,,
Tukwila P-r,Tukwila P-r,98168,570,1002536.000000,1.000000,2.000000,y,13445 INTERURBAN AVE S,47.482153,-122.269000,34.000000,213.000000,12.000000,170.000000,51.000000,Tukwila P-r,Tukwila P&R,Tukwila P-r,13445 Interurban Ave S,Tukwila,MT,255.000000,Y,9.000000,Y,6.000000,,,,
Eastgate P-r,Eastgate P-r,BEL,570,1000885.000000,1.000000,2.000000,,14200 SE EASTGATE WAY,47.580310,-122.152380,34.000000,213.000000,12.000000,73.000000,88.000000,Eastgate P-r,Eastgate P&R,,14200 SE Eastgate Way,Bellevue,MT,614.000000,,0.000000,Y,14.000000,Y,,Y,3
Korean Covenant Church P-r,Korean Covenant Church P-r,KIRK,570,1002699.000000,1.000000,2.000000,,14220 JUANITA WOODINVILLE WAY NE,47.729309,-122.198370,34.000000,213.000000,12.000000,101.000000,73.000000,Korean Covenant Church P-r,Korean Covenant Church of Kirkland,Korean Covenant Church P-r,14220 Juanita/Woodinville Way NE,Kirkland,MT,30.000000,,0.000000,,0.000000,,,,
Prince Of Peace Lutheran Church P-r,Prince Of Peace Lutheran Church P-r,98155,570,1002554.000000,1.000000,2.000000,,14514 20TH AVE NE,47.734036,-122.307350,34.000000,213.000000,12.000000,127.000000,14.000000,Prince Of Peace Lutheran Church P-r,Prince of Peace Lutheran Church,Prince Of Peace Lutheran Church P-r,14514 20th Ave NE,Shoreline,MT,40.000000,,0.000000,,0.000000,,,,
North Jackson Park P-r,North Jackson Park P-r,98155,570,1002402.000000,1.000000,2.000000,,14711 5TH AVE NE,47.735681,-122.324270,34.000000,213.000000,12.000000,115.000000,42.000000,North Jackson Park P-r,North Jackson Park P&R,North Jackson Park P-r,14711 5th Ave NE,Shoreline,MT,68.000000,,0.000000,,0.000000,,,,
Sunrise United Methodist Church P-r,Sunrise United Methodist Church P-r,FW,570,1002555.000000,1.000000,2.000000,,150 S 356TH ST (FEDERAL WAY),47.282917,-122.333580,34.000000,213.000000,12.000000,160.000000,15.000000,Sunrise United Methodist Church P-r,Sunrise United Methodist Church,Sunrise United Methodist Church P-r,150 S 356th St,Federal Way,MT,25.000000,,0.000000,,0.000000,,,,
Aurora Village Transit Center P-r,Aurora Village Transit Center P-r,SEASH,570,1002393.000000,1.000000,2.000000,,1524 N 200TH ST,47.774842,-122.341490,34.000000,213.000000,12.000000,53.000000,33.000000,Aurora Village Transit Center P-r,Aurora Village Transit Center,Aurora Village Transit Center P-r,1524 N 200th St,Shoreline,MT,202.000000,Y,9.000000,Y,4.000000,,,,
Eastgate Congregational Church P-r,Eastgate Congregational Church P-r,BEL,570,1002708.000000,1.000000,2.000000,,15318 SE NEWPORT WAY,47.570826,-122.137300,34.000000,213.000000,12.000000,72.000000,24.000000,Eastgate Congregational Church P-r,Eastgate Congregational Church,Eastgate Congregational Church P-r,15318 SE Newport Way,Bellevue,MT,20.000000,,0.000000,,0.000000,,,,
Vashon Episcopal Church Holy Spirit P-r,Vashon Episcopal Church Holy Spirit P-r,VA,570,1002372.000000,1.000000,2.000000,,15420 VASHON HWY SW,47.467553,-122.460460,34.000000,213.000000,12.000000,174.000000,6.000000,Vashon Episcopal Church Holy Spirit P-r,Vashon Episcopal Church of the Holy Spirit,Vashon Episcopal Church Holy Spirit P-r,15420 Vashon Highway SW,Vashon Island,MT,23.000000,,0.000000,,0.000000,,,,
Brickyard Road P-r,Brickyard Road P-r,98011,570,1002396.000000,1.000000,2.000000,,15530 JUANITA-WOODINVILLE WAY NE,47.741027,-122.188370,34.000000,213.000000,12.000000,63.000000,36.000000,Brickyard Road P-r,Brickyard Road,Brickyard Road P-r,15530 Juanita-Woodinville Way NE,Bothell,MT,443.000000,Y,9.000000,Y,4.000000,,,Y,5
Overlake Tc At NE 40th St P-r,Overlake Tc At NE 40th St P-r,RED,570,1002704.000000,1.000000,2.000000,,15590 NE 36TH ST,47.644147,-122.133160,34.000000,213.000000,12.000000,124.000000,103.000000,Overlake Tc At NE 40th St P-r,Overlake Transit Center,Overlake Tc At NE 40th St P-r,15590 NE 36th St,Overlake,MT,170.000000,Y,9.000000,,0.000000,,,,
New Life Church At Renton P-r,New Life Church At Renton P-r,REN,570,1002739.000000,1.000000,2.000000,,15711 152ND AVE SE,47.463983,-122.137910,34.000000,213.000000,12.000000,110.000000,129.000000,New Life Church At Renton P-r,New Life Church at Renton,New Life Church At Renton P-r,15711 152nd Ave SE,Renton,MT,25.000000,,0.000000,,0.000000,,,,
Cottage Lake Assembly Of God P-r,Cottage Lake Assembly Of God P-r,WOD,570,1002711.000000,1.000000,2.000000,,15737 AVONDALE RD,47.742863,-122.081320,34.000000,213.000000,12.000000,70.000000,38.000000,Cottage Lake Assembly Of God P-r,Cottage Lake Assembly of God,Cottage Lake Assembly Of God P-r,15737 Avondale Road,Woodinville,MT,20.000000,,0.000000,,0.000000,,,,
Sacred Heart Church Of Enumclaw P-r,Sacred Heart Church Of Enumclaw P-r,EN,570,1002367.000000,1.000000,2.000000,,1614 FARRELLY ST ENUMCLAW,47.206088,-122.008520,34.000000,213.000000,12.000000,140.000000,131.000000,Sacred Heart Church Of Enumclaw P-r,Sacred Heart Church,Sacred Heart Church Of Enumclaw P-r,1614 Farrelly St,Enumclaw,MT,40.000000,,0.000000,,0.000000,,,,
Ash Way Park - Ride,Ash Way Park & Ride,LYNN,570,1195.000000,1.000000,1.000000,,16327 ASH WY,47.852874,-122.258280,34.000000,8323072.000000,18.000000,3.000000,168.000000,Ash Way Park & Ride,Ash Way P&R,Ash Way Park - Ride,16327 Ash Way,Lynnwood,CT,1022.000000,Y,8.000000,Y,0.000000,,,,
Ash Way P-r,Ash Way Park & Ride,LYNN,570,623.000000,1.000000,1.000000,y,16327 ASH WY,47.852874,-122.258280,34.000000,8323072.000000,18.000000,3.000000,168.000000,Ash Way Park & Ride,Ash Way P&R,Ash Way Park - Ride,16327 Ash Way,Lynnwood,CT,1022.000000,Y,8.000000,Y,0.000000,,,,
Ashpr,Ash Way Park & Ride,LYNN,570,624.000000,1.000000,1.000000,y,16327 ASH WY,47.852874,-122.258280,34.000000,8323072.000000,18.000000,3.000000,168.000000,Ash Way Park & Ride,Ash Way P&R,Ash Way Park - Ride,16327 Ash Way,Lynnwood,CT,1022.000000,Y,8.000000,Y,0.000000,,,,
Mill Creek Community Church,Mill Creek Community Church Park & Pool,98012,540,2030.000000,1.000000,3.000000,,16415 NORTH RD,47.848399,-122.235400,34.000000,2752512.000000,12.000000,33.000000,0.000000,Mill Creek Community Church Park & Pool,Mill Creek Community Church,Mill Creek Community Church,16415 North Rd.,Mill Creek,CT,30.000000,,0.000000,,0.000000,,,,
Mill Creek Community Church Park - Pool,Mill Creek Community Church Park & Pool,98012,540,2029.000000,1.000000,3.000000,y,16415 NORTH RD,47.848399,-122.235400,34.000000,2752512.000000,12.000000,33.000000,0.000000,Mill Creek Community Church Park & Pool,Mill Creek Community Church,Mill Creek Community Church,16415 North Rd.,Mill Creek,CT,30.000000,,0.000000,,0.000000,,,,
Burien Church Of God P-r,Burien Church Of God P-r,98148,570,1002700.000000,1.000000,2.000000,,16640 1ST AVE S,47.453101,-122.334100,34.000000,213.000000,12.000000,64.000000,75.000000,Burien Church Of God P-r,Burien Church of God,Burien Church Of God P-r,16640 1st Avenue S,Burien,MT,20.000000,,0.000000,,0.000000,,,,
Tibbetts Lot P-r,Tibbetts Lot P-r,IS,570,1002544.000000,1.000000,2.000000,,1675 NEWPORT WAY NW (ISSAQUAH),47.540595,-122.062210,34.000000,213.000000,12.000000,164.000000,99.000000,Tibbetts Lot P-r,Tibbetts Lot,Tibbetts Lot P-r,1675 Newport Way NW,Issaquah,MT,170.000000,,0.000000,,0.000000,,,,
Snohomish Park - Ride,Snohomish Park & Ride,98290,570,1459.000000,1.000000,1.000000,,1700 AVE D (EAST OF HWY 9),47.931624,-122.100600,34.000000,8323072.000000,18.000000,40.000000,161.000000,Snohomish Park & Ride,Snohomish P&R,Snohomish Park - Ride,1700 Avenue D (east of Hwy 9),Snohomish,CT,104.000000,,0.000000,Y,0.000000,,,,
Snohomish P-r,Snohomish Park & Ride,98290,570,31.000000,1.000000,1.000000,y,1700 AVE D (EAST OF HWY 9),47.931624,-122.100600,34.000000,8323072.000000,18.000000,40.000000,161.000000,Snohomish Park & Ride,Snohomish P&R,Snohomish Park - Ride,1700 Avenue D (east of Hwy 9),Snohomish,CT,104.000000,,0.000000,Y,0.000000,,,,
Snopr,Snohomish Park & Ride,98290,570,1460.000000,1.000000,1.000000,y,1700 AVE D (EAST OF HWY 9),47.931624,-122.100600,34.000000,8323072.000000,18.000000,40.000000,161.000000,Snohomish Park & Ride,Snohomish P&R,Snohomish Park - Ride,1700 Avenue D (east of Hwy 9),Snohomish,CT,104.000000,,0.000000,Y,0.000000,,,,
Ober Park P-r,Ober Park P-r,VA,570,1002315.000000,1.000000,2.000000,,17106 99TH AVE SW VASHON ISLAND,47.451945,-122.460020,34.000000,213.000000,12.000000,120.000000,57.000000,Ober Park P-r,Ober Park P&R,Ober Park P-r,17106 Vashon Highway SW,Vashon Island,MT,48.000000,Y,9.000000,,0.000000,Y,,,
Ober Park Annex P-r,Ober Park P-r,VA,570,1002553.000000,1.000000,2.000000,,17130 VASHON HWY SW VASHON ISLAND,47.452005,-122.459670,34.000000,213.000000,12.000000,120.000000,57.000000,Ober Park P-r,Ober Park P&R,Ober Park P-r,17106 Vashon Highway SW,Vashon Island,MT,48.000000,Y,9.000000,,0.000000,Y,,,
Foothills Foursquare Church,Foothills Foursquare Church Park & Pool,98272,540,2026.000000,1.000000,3.000000,,17310 W MAIN ST,47.850175,-121.998420,34.000000,2752512.000000,12.000000,15.000000,0.000000,Foothills Foursquare Church Park & Pool,Foothills Foursquare Church,Foothills Foursquare Church,17310 W Main St,Monroe,CT,30.000000,,0.000000,,0.000000,,,,
Foothills Foursquare Church Park - Pool,Foothills Foursquare Church Park & Pool,98272,540,2025.000000,1.000000,3.000000,y,17310 W MAIN ST,47.850175,-121.998420,34.000000,2752512.000000,12.000000,15.000000,0.000000,Foothills Foursquare Church Park & Pool,Foothills Foursquare Church,Foothills Foursquare Church,17310 W Main St,Monroe,CT,30.000000,,0.000000,,0.000000,,,,
Bethel Lutheran Church P-r,Bethel Lutheran Church P-r,98155,570,1002350.000000,1.000000,2.000000,,17418 8TH AVE NE,47.755632,-122.319100,34.000000,213.000000,12.000000,59.000000,107.000000,Bethel Lutheran Church P-r,Bethel Lutheran Church,Bethel Lutheran Church P-r,17418 8th Ave NE,Shoreline,MT,40.000000,,0.000000,,0.000000,,,,
Monpr,Monroe Park & Ride,98272,570,575.000000,1.000000,1.000000,,17433 HWY 2 (WEST OF FAIRGROUNDS),47.868052,-121.995560,34.000000,8323072.000000,18.000000,34.000000,164.000000,Monroe Park & Ride,Monroe P&R,Monroe Park - Ride,17433 Hwy 2 (west of fairgrounds),Monroe,CT,102.000000,,0.000000,Y,0.000000,,,,
Monroe Park - Ride,Monroe Park & Ride,98272,570,1265.000000,1.000000,1.000000,y,17433 HWY 2 (WEST OF FAIRGROUNDS),47.868052,-121.995560,34.000000,8323072.000000,18.000000,34.000000,164.000000,Monroe Park & Ride,Monroe P&R,Monroe Park - Ride,17433 Hwy 2 (west of fairgrounds),Monroe,CT,102.000000,,0.000000,Y,0.000000,,,,
Monroe P-r,Monroe Park & Ride,98272,570,104.000000,1.000000,1.000000,y,17433 HWY 2 (WEST OF FAIRGROUNDS),47.868052,-121.995560,34.000000,8323072.000000,18.000000,34.000000,164.000000,Monroe Park & Ride,Monroe P&R,Monroe Park - Ride,17433 Hwy 2 (west of fairgrounds),Monroe,CT,102.000000,,0.000000,Y,0.000000,,,,
Issaquah Highlands P-r,Issaquah Highlands P-r,IS,570,1002560.000000,1.000000,2.000000,,1755 HIGHLANDS DR,47.545051,-122.019480,34.000000,213.000000,12.000000,87.000000,30.000000,Issaquah Highlands P-r,Issaquah Highlands P&R,Issaquah Highlands P-r,1755 Highlands Dr NE,Issaquah,MT,1000.000000,,0.000000,,0.000000,Y,,Y,14
Nativity Lutheran Church P-r,Nativity Lutheran Church P-r,REN,570,1000894.000000,1.000000,2.000000,,17707 140TH AVE,47.443365,-122.154720,34.000000,213.000000,12.000000,109.000000,121.000000,Nativity Lutheran Church P-r,Nativity Lutheran Church,Nativity Lutheran Church P-r,17707 140th Ave SE,Renton,MT,49.000000,,0.000000,,0.000000,,,,
Smokey Point Community Church,Smokey Point Community Church Park & Pool,98223,540,2169.000000,1.000000,3.000000,,17721 SMOKEY POINT BLVD,48.157537,-122.182550,34.000000,2752512.000000,12.000000,39.000000,172.000000,Smokey Point Community Church Park & Pool,Smokey Point Community Church,Smokey Point Community Church,17721 Smokey Pt Blvd,Arlington,CT,50.000000,Y,8.000000,,0.000000,,,,
Smokey Point Community Church Park - Poo,Smokey Point Community Church Park & Pool,98223,540,2517.000000,1.000000,3.000000,y,17721 SMOKEY POINT BLVD,48.157537,-122.182550,34.000000,2752512.000000,12.000000,39.000000,172.000000,Smokey Point Community Church Park & Pool,Smokey Point Community Church,Smokey Point Community Church,17721 Smokey Pt Blvd,Arlington,CT,50.000000,Y,8.000000,,0.000000,,,,
Hope Community Church,Hope Community Church Park & Pool,LYNN,540,2020.000000,1.000000,3.000000,,17723 44TH AVE W,47.837205,-122.291610,34.000000,2752512.000000,12.000000,19.000000,180.000000,Hope Community Church Park & Pool,Hope Community Church,Hope Community Church,17723 44th Ave W,Lynnwood,CT,30.000000,,0.000000,,0.000000,
Hope Community Church Park - Pool,Hope Community Church Park & Pool,LYNN,540,2019.000000,1.000000,3.000000,,17723 44TH AVE W,47.837205,-122.291610,34.000000,2752512.000000,12.000000,19.000000,180.000000,Hope Community Church Park & Pool,Hope Community Church,Hope Community Church,17723 44th Ave W,Lynnwood,CT,30.000000,,0.000000,,0.000000,
Mays Pond Clubhouse,Mays Pond Clubhouse Park & Pool,98012,540,2277.000000,1.000000,3.000000,,17730 BROOK BLVD,47.836429,-122.204530,34.000000,2752512.000000,12.000000,31.000000,0.000000,Mays Pond Clubhouse Park & Pool,Mays Pond Clubhouse,Mays Pond Clubhouse,17730 Brook Blvd.,Mill Creek,CT,20.000000,,0.000000,,0.000000,
Mays Pond Clubhouse Park - Pool,Mays Pond Clubhouse Park & Pool,98012,540,2276.000000,1.000000,3.000000,y,17730 BROOK BLVD,47.836429,-122.204530,34.000000,2752512.000000,12.000000,31.000000,0.000000,Mays Pond Clubhouse Park & Pool,Mays Pond Clubhouse,Mays Pond Clubhouse,17730 Brook Blvd.,Mill Creek,CT,20.000000,,0.000000,,0.000000,
Woodinville P-r,Woodinville P-r,WOD,570,1002308.000000,1.000000,2.000000,,17800 140TH AVE NE,47.756468,-122.151520,34.000000,213.000000,12.000000,176.000000,46.000000,Woodinville P-r,Woodinville P&R,Woodinville P-r,17800 140th Ave NE,Woodinville,MT,438.000000,,0.000000,Y,4.000000,
Korean Zion Presbyterian Church P-r,Korean Zion Presbyterian Church P-r,SEASH,570,1002374.000000,1.000000,2.000000,,17920 MERIDIAN AVE N,47.759581,-122.334730,34.000000,213.000000,12.000000,102.000000,8.000000,Korean Zion Presbyterian Church P-r,Korean Zion Presbyterian Church,Korean Zion Presbyterian Church P-r,17920 Meridian Ave N,Shoreline,MT,25.000000,,0.000000,,0.000000,
Blpr - Bonney Lake P-r,Bonney Lake South,BL,570,3000730.000000,1.000000,2.000000,,184TH AVE E & SKY ISLAND DR E,47.173248,-122.184300,34.000000,11173632.000000,12.000000,180.000000,134.000000,Bonney Lake South,Bonney Lake South,Bonney Lake P-r,184th Ave E & Sky Island Dr E,Bonney Lake,PT,356.000000,,0.000000,Y,0.000000,
Bonney Lake P-r,Bonney Lake South,BL,570,3000974.000000,1.000000,2.000000,y,184TH AVE E & SKY ISLAND DR E,47.173248,-122.184300,34.000000,11173632.000000,12.000000,180.000000,134.000000,Bonney Lake South,Bonney Lake South,Bonney Lake P-r,184th Ave E & Sky Island Dr E,Bonney Lake,PT,356.000000,,0.000000,Y,0.000000,
Shoreline P-r,Shoreline P-r,SEASH,570,1002401.000000,1.000000,2.000000,,18821 AURORA AVE N,47.767298,-122.346820,34.000000,213.000000,12.000000,142.000000,41.000000,Shoreline P-r,Shoreline P&R,Shoreline P-r,18821 Aurora Ave N,Shoreline,MT,393.000000,,0.000000,Y,4.000000,Y
Aurora Church Of The Nazarene P-r,Aurora Church Of The Nazarene P-r,98155,570,1002702.000000,1.000000,2.000000,,1900 N 175TH ST,47.754890,-122.307500,34.000000,213.000000,12.000000,52.000000,76.000000,Aurora Church Of The Nazarene P-r,Aurora Church of the Nazarene,Aurora Church Of The Nazarene P-r,1900 N 175th St,Shoreline,MT,116.000000,Y,9.000000,,0.000000,
Woodinville Unitarian Universalist P-r,Woodinville Unitarian Universalist P-r,WOD,570,1002712.000000,1.000000,2.000000,,19020 WOODINVILLE/DUVALL RD,47.755224,-122.081790,34.000000,213.000000,12.000000,177.000000,39.000000,Woodinville Unitarian Universalist P-r,Woodinville Unitarian Universalist Church,Woodinville Unitarian Universalist P-r,19020 NE Woodinville/Duvall Rd,Woodinville,MT,30.000000,,0.000000,,0.000000,
Northlake Christian Church,Northlake Christian Church Park & Pool,98012,540,2008.000000,1.000000,3.000000,,19029 NORTH ROAD,47.825057,-122.237700,34.000000,2752512.000000,12.000000,37.000000,179.000000,Northlake Christian Church Park & Pool,Northlake Christian Church,Northlake Christian Church,19029 North Road,Bothell,CT,25.000000,,0.000000,,0.000000,
Northlake Christian Church Park - Pool,Northlake Christian Church Park & Pool,98012,540,2007.000000,1.000000,3.000000,y,19029 NORTH ROAD,47.825057,-122.237700,34.000000,2752512.000000,12.000000,37.000000,179.000000,Northlake Christian Church Park & Pool,Northlake Christian Church,Northlake Christian Church,19029 North Road,Bothell,CT,25.000000,,0.000000,,0.000000,
Normandy Park Congregational P-r,Normandy Park Congregational P-r,98148,570,1002368.000000,1.000000,2.000000,,19247 1ST AVE S,47.430039,-122.336060,34.000000,213.000000,12.000000,114.000000,2.000000,Normandy Park Congregational P-r,Normandy Park Congregational,Normandy Park Congregational P-r,19247 1st Ave S,Burien,MT,10.000000,,0.000000,,0.000000,
Lpr,Lynnwood Park & Ride,98036,570,773.000000,1.000000,1.000000,,20100 46TH AVE W,47.816020,-122.295900,34.000000,8323072.000000,18.000000,23.000000,167.000000,Lynnwood Park & Ride,Lynnwood Transit Center,Lynnwood Park - Ride,20100 48th Ave W,Lynnwood,CT,1378.000000,Y,8.000000,Y,0.000000,
Lynnwood Park - Ride,Lynnwood Park & Ride,98036,570,1053.000000,1.000000,1.000000,y,20100 46TH AVE W,47.816020,-122.295900,34.000000,8323072.000000,18.000000,23.000000,167.000000,Lynnwood Park & Ride,Lynnwood Transit Center,Lynnwood Park - Ride,20100 48th Ave W,Lynnwood,CT,1378.000000,Y,8.000000,Y,0.000000,
Lynnwood P-r,Lynnwood Park & Ride,98036,570,775.000000,1.000000,1.000000,y,20100 46TH AVE W,47.816020,-122.295900,34.000000,8323072.000000,18.000000,23.000000,167.000000,Lynnwood Park & Ride,Lynnwood Transit Center,Lynnwood Park - Ride,20100 48th Ave W,Lynnwood,CT,1378.000000,Y,8.000000,Y,0.000000,,,,
Bellevue Foursquare Church P-r,Bellevue Foursquare Church P-r,BEL,570,1002371.000000,1.000000,2.000000,,2015 RICHARDS RD,47.592616,-122.164640,34.000000,213.000000,12.000000,56.000000,5.000000,Bellevue Foursquare Church P-r,Bellevue Foursquare Church,Bellevue Foursquare Church P-r,2015 Richards Rd,Bellevue,MT,35.000000,,0.000000,,0.000000,,,,
Valley Center P-r,Valley Center P-r,VA,570,1002332.000000,1.000000,2.000000,,20221 99TH AVE SW VASHON ISLAND,47.423227,-122.461250,34.000000,213.000000,12.000000,172.000000,83.000000,Valley Center P-r,Valley Center P&R,Valley Center P-r,20221 Vashon Highway SW,Vashon Island,MT,55.000000,,0.000000,Y,4.000000,,,,
Edgewood Baptist Church,Edgewood Baptist Church Park & Pool,98036,540,2000.000000,1.000000,3.000000,,20406 76TH AVE W,47.813584,-122.336230,34.000000,2752512.000000,12.000000,9.000000,182.000000,Edgewood Baptist Church Park & Pool,Edgewood Baptist Church,Edgewood Baptist Church,20406 76th Ave W,Edmonds,CT,10.000000,,0.000000,,0.000000,,,,
Edgewood Baptist Church Park - Pool,Edgewood Baptist Church Park & Pool,98036,540,1999.000000,1.000000,3.000000,y,20406 76TH AVE W,47.813584,-122.336230,34.000000,2752512.000000,12.000000,9.000000,182.000000,Edgewood Baptist Church Park & Pool,Edgewood Baptist Church,Edgewood Baptist Church,20406 76th Ave W,Edmonds,CT,10.000000,,0.000000,,0.000000,,,,
South Renton P-r,South Renton P-r,REN,570,1002325.000000,1.000000,2.000000,,205 S 7TH ST,47.472162,-122.213380,34.000000,213.000000,12.000000,150.000000,65.000000,South Renton P-r,South Renton P&R,South Renton P-r,205 S 7th St,Renton,MT,373.000000,Y,9.000000,,0.000000,,,,
Cornerstone United Methodist Church P-r,Cornerstone United Methodist Church P-r,98042,570,1002657.000000,1.000000,2.000000,,20730 SE 272ND ST,47.358499,-122.064390,34.000000,213.000000,12.000000,69.000000,40.000000,Cornerstone United Methodist Church P-r,Cornerstone United Methodist Church,Cornerstone United Methodist Church P-r,20730 SE 272nd St,Covington,MT,20.000000,,0.000000,,0.000000,,,,
Burien Transit Center P-r,Burien Transit Center P-r,98166,570,1002828.000000,1.000000,2.000000,,209 SW 148TH ST,47.470195,-122.337270,34.000000,213.000000,12.000000,65.000000,89.000000,Burien Transit Center P-r,Burien Transit Center,Burien Transit Center P-r,209 SW 148th St,Burien,MT,0.000000,,0.000000,,0.000000,,,Y,5
Ebenezer Lutheran Church,Ebenezer Lutheran Church Park & Pool,LS,540,2128.000000,1.000000,3.000000,,2111 117TH AVE NE,48.016780,-122.072180,34.000000,2752512.000000,12.000000,8.000000,176.000000,Ebenezer Lutheran Church Park & Pool,Ebenezer Lutheran Church,Ebenezer Lutheran Church,2111 117th Ave NE,Lake Stevens,CT,25.000000,,0.000000,,0.000000,,,,
Ebenezer Lutheran Church Park - Pool,Ebenezer Lutheran Church Park & Pool,LS,540,2127.000000,1.000000,3.000000,y,2111 117TH AVE NE,48.016780,-122.072180,34.000000,2752512.000000,12.000000,8.000000,176.000000,Ebenezer Lutheran Church Park & Pool,Ebenezer Lutheran Church,Ebenezer Lutheran Church,2111 117th Ave NE,Lake Stevens,CT,25.000000,,0.000000,,0.000000,,,,
Edmonds Park - Ride,Edmonds Park & Ride,98026,570,990.000000,1.000000,1.000000,,21300 72ND AVE W,47.805549,-122.330410,34.000000,8323072.000000,18.000000,13.000000,162.000000,Edmonds Park & Ride,Edmonds P&R,Edmonds P-r,21300 72nd Ave W,Edmonds,CT,255.000000,,0.000000,Y,0.000000,,,,
Edmonds P-r,Edmonds Park & Ride,98026,570,328.000000,1.000000,1.000000,y,21300 72ND AVE W,47.805549,-122.330410,34.000000,8323072.000000,18.000000,13.000000,162.000000,Edmonds Park & Ride,Edmonds P&R,Edmonds P-r,21300 72nd Ave W,Edmonds,CT,255.000000,,0.000000,Y,0.000000,,,,
Edmpr,Edmonds Park & Ride,98026,570,550.000000,1.000000,1.000000,y,21300 72ND AVE W,47.805549,-122.330410,34.000000,8323072.000000,18.000000,13.000000,162.000000,Edmonds Park & Ride,Edmonds P&R,Edmonds P-r,21300 72nd Ave W,Edmonds,CT,255.000000,,0.000000,Y,0.000000,,,,
Seattle Meditation Center,Seattle Meditation Center Park & Pool,98043,540,1989.000000,1.000000,3.000000,,21910 44TH AVE W,47.799814,-122.292730,34.000000,2752512.000000,12.000000,38.000000,0.000000,Seattle Meditation Center Park & Pool,Seattle Meditation Center,Seattle Meditation Center,21910 44th Ave W,Mountlake Terrace,CT,22.000000,,0.000000,,0.000000,,,,
Seattle Meditation Center Park - Pool,Seattle Meditation Center Park & Pool,98043,540,1988.000000,1.000000,3.000000,y,21910 44TH AVE W,47.799814,-122.292730,34.000000,2752512.000000,12.000000,38.000000,0.000000,Seattle Meditation Center Park & Pool,Seattle Meditation Center,Seattle Meditation Center,21910 44th Ave W,Mountlake Terrace,CT,22.000000,,0.000000,,0.000000,,,,
Twin Lakes P-r,Twin Lakes P-r,FW,570,1002342.000000,1.000000,2.000000,,21ST AVE SW & SW 344TH ST,47.294368,-122.359950,34.000000,213.000000,12.000000,171.000000,97.000000,Twin Lakes P-r,Twin Lakes P&R,Twin Lakes P-r,21st Ave SW & SW 344th,Federal Way,MT,600.000000,,0.000000,,0.000000,,,,
Canpr,Canyon Park Park & Ride,BO,570,576.000000,1.000000,1.000000,,22400 17TH AVE SE,47.794166,-122.211670,34.000000,8323072.000000,18.000000,6.000000,169.000000,Canyon Park Park & Ride,Canyon Park P&R,Canyon Park Park - Ride,22400 17th Ave SE,Bothell,CT,302.000000,Y,8.000000,Y,0.000000,,,,,,
Canyon Park Park - Ride,Canyon Park Park & Ride,BO,570,942.000000,1.000000,1.000000,y,22400 17TH AVE SE,47.794166,-122.211670,34.000000,8323072.000000,18.000000,6.000000,169.000000,Canyon Park Park & Ride,Canyon Park P&R,Canyon Park Park - Ride,22400 17th Ave SE,Bothell,CT,302.000000,Y,8.000000,Y,0.000000,,,,,,
Canyon Park P-r,Canyon Park Park & Ride,BO,570,347.000000,1.000000,1.000000,y,22400 17TH AVE SE,47.794166,-122.211670,34.000000,8323072.000000,18.000000,6.000000,169.000000,Canyon Park Park & Ride,Canyon Park P&R,Canyon Park Park - Ride,22400 17th Ave SE,Bothell,CT,302.000000,Y,8.000000,Y,0.000000,,,,,,
East Hill Friends Church P-r,East Hill Friends Church P-r,KEN,570,1002649.000000,1.000000,2.000000,,22600 116TH AVE SE KENT,47.400184,-122.186780,34.000000,213.000000,12.000000,74.000000,72.000000,East Hill Friends Church P-r,Easthill Friends Church,East Hill Friends Church P-r,22600 116th Ave SE,Kent,MT,20.000000,,0.000000,,0.000000,,,,,,
Brier Park - Ride,Brier Park & Ride,98036,570,935.000000,1.000000,1.000000,,22801 29TH AVE W,47.792190,-122.271620,34.000000,8323072.000000,18.000000,5.000000,0.000000,Brier Park & Ride,Brier P&R,Brier P-r,22801 29th Ave W,Mountlake Terrace,CT,0.000000,,0.000000,,0.000000,,,,,,
Brier P-r,Brier Park & Ride,98036,570,856.000000,1.000000,1.000000,y,22801 29TH AVE W,47.792190,-122.271620,34.000000,8323072.000000,18.000000,5.000000,0.000000,Brier Park & Ride,Brier P&R,Brier P-r,22801 29th Ave W,Mountlake Terrace,CT,0.000000,,0.000000,,0.000000,,,,,,
Brpr,Brier Park & Ride,98036,570,2412.000000,1.000000,1.000000,y,22801 29TH AVE W,47.792190,-122.271620,34.000000,8323072.000000,18.000000,5.000000,0.000000,Brier Park & Ride,Brier P&R,Brier P-r,22801 29th Ave W,Mountlake Terrace,CT,0.000000,,0.000000,,0.000000,,,,,,
Sammamish Hills Lutheran Church P-r,Sammamish Hills Lutheran Church P-r,RED,570,1002365.000000,1.000000,2.000000,,22818 SE 8TH ST,47.602002,-122.035110,34.000000,213.000000,12.000000,141.000000,128.000000,Sammamish Hills Lutheran Church P-r,Sammamish Hills Lutheran,Sammamish Hills Lutheran Church P-r,22818 SE 8th St,Sammamish,MT,54.000000,,0.000000,,0.000000,,,,,,
Auburn Garage At Auburn Station,Auburn Garage At Auburn Station,98001,570,1002729.000000,1.000000,2.000000,,23 A ST SW,47.307228,-122.231000,34.000000,213.000000,12.000000,50.000000,27.000000,Auburn Garage At Auburn Station,Auburn Station Garage,Auburn Surface Lot At Auburn Station,A St SW & 1st St SW,Auburn,MT,500.000000,,0.000000,,0.000000,,,,,,Garage Hours: M-F: 5 a.m.- 2 a.m.; weekends & holidays: 6 a.m. - 2 a.m.
Auburn Surface Lot At Auburn Station,Auburn Surface Lot At Auburn Station,98001,570,1002728.000000,1.000000,2.000000,,23 A ST SW,47.307225,-122.231010,34.000000,213.000000,12.000000,51.000000,28.000000,Auburn Surface Lot At Auburn Station,Auburn Station surface lot,Auburn Surface Lot At Auburn Station,A St SW & 1st St SW,Auburn,MT,114.000000,Y,9.000000,,0.000000,,Y,,,,
Maple Valley P-r,Maple Valley P-r,MV,570,1002319.000000,1.000000,2.000000,,23033 RENTON-MAPLE VALLEY RD,47.396156,-122.044980,34.000000,11173632.000000,12.000000,105.000000,60.000000,Maple Valley P-r,Maple Valley P&R,Maple Valley P-r,23033 Renton-Maple Valley Rd,Maple Valley,MT,122.000000,Y,9.000000,,0.000000,,,,,,
Kent/des Moines P-r,Kent/des Moines P-r,98198,570,1002698.000000,1.000000,2.000000,,23405 MILITARY ROAD S,47.391467,-122.287450,34.000000,213.000000,12.000000,96.000000,63.000000,Kent/des Moines P-r,Kent-Des Moines P&R,Kent/des Moines P-r,23405 Military Rd S,Kent,MT,370.000000,Y,9.000000,,0.000000,,,,,,
Bethesda Lutheran Church,Bethesda Lutheran Church Park & Pool,98043,540,1966.000000,1.000000,3.000000,,23406 56TH AVE W,47.786408,-122.308660,34.000000,2752512.000000,12.000000,4.000000,186.000000,Bethesda Lutheran Church Park & Pool,Bethesda Lutheran Church,Bethesda Lutheran Church,23406 56th Ave W,Mountlake Terrace,CT,20.000000,,0.000000,,0.000000,,,,,,
Bethesda Lutheran Church Park - Pool,Bethesda Lutheran Church Park & Pool,98043,540,1965.000000,1.000000,3.000000,y,23406 56TH AVE W,47.786408,-122.308660,34.000000,2752512.000000,12.000000,4.000000,186.000000,Bethesda Lutheran Church Park & Pool,Bethesda Lutheran Church,Bethesda Lutheran Church,23406 56th Ave W,Mountlake Terrace,CT,20.000000,,0.000000,,0.000000,,,,,,
Edmonds Lutheran Church (ON 84TH AVE),Edmonds Lutheran Church Park & Pool (on 84th Ave),98026,540,1964.000000,1.000000,3.000000,,23525 84TH AVE W,47.785348,-122.345790,34.000000,2752512.000000,12.000000,12.000000,183.000000,Edmonds Lutheran Church Park & Pool (on 84th Ave),Edmonds Lutheran Church,Edmonds Lutheran Church (ON 84TH AVE),23525 84th Ave W,Edmonds,CT,15.000000,,0.000000,,0.000000,,,,,,
Edmonds Lutheran Church Park - Pool (ON,Edmonds Lutheran Church Park & Pool (on 84th Ave),98026,540,2407.000000,1.000000,3.000000,y,23525 84TH AVE W,47.785348,-122.345790,34.000000,2752512.000000,12.000000,12.000000,183.000000,Edmonds Lutheran Church Park & Pool (on 84th Ave),Edmonds Lutheran Church,Edmonds Lutheran Church (ON 84TH AVE),23525 84th Ave W,Edmonds,CT,15.000000,,0.000000,,0.000000,,,,,,
Renton First Baptist Church P-r,Renton First Baptist Church P-r,REN,570,1002360.000000,1.000000,2.000000,,255 HARDIE AVE SW,47.479961,-122.219350,34.000000,213.000000,12.000000,135.000000,120.000000,Renton First Baptist Church P-r,Renton First Baptist Church,Renton First Baptist Church P-r,255 Hardie Ave SW,Renton,MT,72.000000,,0.000000,,0.000000,
Valley View Christian Church P-r,Valley View Christian Church P-r,KEN,570,1000893.000000,1.000000,2.000000,,25605 124TH AVE SE,47.371784,-122.176160,34.000000,213.000000,12.000000,173.000000,119.000000,Valley View Christian Church P-r,Valley View Christian Church,Valley View Christian Church P-r,25605 124th Ave SE,Kent,MT,20.000000,,0.000000,,0.000000,
St Andrews Lutheran Church P-r,St Andrews Lutheran Church P-r,BEL,570,1000901.000000,1.000000,2.000000,,2650 148TH AVE SE,47.585621,-122.141090,34.000000,213.000000,12.000000,154.000000,9.000000,St Andrews Lutheran Church P-r,St Andrew's Lutheran Church,St Andrews Lutheran Church P-r,2650 148th Ave SE,Bellevue,MT,20.000000,,0.000000,,0.000000,
Overlake P-r,Overlake P-r,RED,570,1002345.000000,1.000000,2.000000,,2650 152ND AVE NE,47.632797,-122.136790,34.000000,213.000000,12.000000,123.000000,100.000000,Overlake P-r,Overlake P&R,Overlake P-r,2650 152nd Ave NE,Overlake,MT,203.000000,,0.000000,,0.000000,Y
St Columba's Episcopal Church P-r,St Columba's Episcopal Church P-r,KEN,570,1002557.000000,1.000000,2.000000,,26715 MILITARY RD S (KENT),47.361623,-122.291420,34.000000,213.000000,12.000000,156.000000,17.000000,St Columba's Episcopal Church P-r,St. Columba's Episcopal Church,St Columba's Episcopal Church P-r,26715 Military Rd S,Kent,MT,15.000000,,0.000000,,0.000000,
Lake Meridian P-r,Lake Meridian P-r,KEN,570,1000883.000000,1.000000,2.000000,,26805 132ND AVENUE SE,47.361157,-122.165740,34.000000,213.000000,12.000000,103.000000,84.000000,Lake Meridian P-r,Lake Meridian P&R,Lake Meridian P-r,26805 132nd Ave SE,Kent,MT,172.000000,,0.000000,,0.000000,
South Bellevue P-r,South Bellevue P-r,98004,570,1002312.000000,1.000000,2.000000,,2700 BELLEVUE WAY SE,47.586525,-122.190440,34.000000,213.000000,12.000000,146.000000,50.000000,South Bellevue P-r,South Bellevue P&R,South Bellevue P-r,2700 Bellevue Wy SE,Bellevue,MT,519.000000,Y,9.000000,Y,6.000000,Y
Stanwood Park - Pool,Stanwood Park & Pool,CISW,540,2194.000000,1.000000,3.000000,,27003 90TH AVE NW (AT VIKING WAY),48.240822,-122.354930,34.000000,2752512.000000,12.000000,44.000000,171.000000,Stanwood Park & Pool,Stanwood Park & Pool,Stanwood Park - Pool,27003 90th Ave NW (at Viking Way),Stanwood,CT,38.000000,,0.000000,,0.000000,
Star Lake P-r,Star Lake P-r,KEN,570,1002317.000000,1.000000,2.000000,,27015 26TH AVE S,47.358444,-122.298520,34.000000,213.000000,12.000000,159.000000,59.000000,Star Lake P-r,Star Lake P&R,Star Lake P-r,27015 26th Ave S,Kent,MT,540.000000,,0.000000,Y,4.000000,
Martha Lake Covenant Church,Martha Lake Covenant Church Park & Pool,LYNN,540,2036.000000,1.000000,3.000000,,2721 164TH ST SW,47.850314,-122.271180,34.000000,2752512.000000,12.000000,25.000000,181.000000,Martha Lake Covenant Church Park & Pool,Martha Lake Covenant Church,Martha Lake Covenant Church,2721 164th St SW,Lynnwood,CT,57.000000,Y,8.000000,,0.000000,
Martha Lake Covenant Church Park - Pool,Martha Lake Covenant Church Park & Pool,LYNN,540,2035.000000,1.000000,3.000000,y,2721 164TH ST SW,47.850314,-122.271180,34.000000,2752512.000000,12.000000,25.000000,181.000000,Martha Lake Covenant Church Park & Pool,Martha Lake Covenant Church,Martha Lake Covenant Church,2721 164th St SW,Lynnwood,CT,57.000000,Y,8.000000,,0.000000,
All Saints Lutheran Church P-r,All Saints Lutheran Church P-r,KEN,570,1002556.000000,1.000000,2.000000,,27225 MILITARY RD S (AUBURN),47.357504,-122.292860,34.000000,213.000000,12.000000,48.000000,16.000000,All Saints Lutheran Church P-r,All Saints Lutheran Church,All Saints Lutheran Church P-r,27225 Military Rd S,Auburn,MT,75.000000,,0.000000,,0.000000,
Redondo Heights P-r,Redondo Heights P-r,FW,570,1002389.000000,1.000000,2.000000,,27454 PACIFIC HWY S,47.355227,-122.310250,34.000000,213.000000,12.000000,131.000000,29.000000,Redondo Heights P-r,Redondo Heights P&R,Redondo Heights P-r,27454 Pacific Highway S,Federal Way,MT,697.000000,,0.000000,,0.000000,
I-5 - Hwy 531 Park - Ride,I-5 & Hwy 531 Park & Ride,98223,570,1827.000000,1.000000,1.000000,,2901 172ND ST NE (WEST OF I-5),48.152643,-122.190760,34.000000,8323072.000000,18.000000,20.000000,0.000000,I-5 & Hwy 531 Park & Ride,I-5 & Hwy 531 P&R,I-5 - Hwy 531 Park - Ride,27th Ave & 172nd St NE,Marysville,CT,32.000000,,0.000000,,0.000000,
I-5 - Hwy 531 P-r,I-5 & Hwy 531 Park & Ride,98223,570,1828.000000,1.000000,1.000000,y,2901 172ND ST NE (WEST OF I-5),48.152643,-122.190760,34.000000,8323072.000000,18.000000,20.000000,0.000000,I-5 & Hwy 531 Park & Ride,I-5 & Hwy 531 P&R,I-5 - Hwy 531 Park - Ride,27th Ave & 172nd St NE,Marysville,CT,32.000000,,0.000000,,0.000000,
Sr531pr,I-5 & Hwy 531 Park & Ride,98223,570,2516.000000,1.000000,1.000000,y,2901 172ND ST NE (WEST OF I-5),48.152643,-122.190760,34.000000,8323072.000000,18.000000,20.000000,0.000000,I-5 & Hwy 531 Park & Ride,I-5 & Hwy 531 P&R,I-5 - Hwy 531 Park - Ride,27th Ave & 172nd St NE,Marysville,CT,32.000000,,0.000000,,0.000000,
Kennydale United Methodist P-r,Kennydale United Methodist P-r,NCREN,570,1000899.000000,1.000000,2.000000,,3005 PARK AVENUE N RENTON,47.518298,-122.201720,34.000000,213.000000,12.000000,91.000000,1.000000,Kennydale United Methodist P-r,Kennydale United Methodist Church,Kennydale United Methodist P-r,3005 Park Ave N,Renton,MT,50.000000,Y,9.000000,,0.000000,,,,,,,
Kent Garage At Kent Station P-r,Kent Garage At Kent Station P-r,KEN,570,1002705.000000,1.000000,2.000000,,301 RAILROAD AVE N,47.383210,-122.232240,34.000000,213.000000,12.000000,93.000000,105.000000,Kent Garage At Kent Station P-r,Kent Station Transit Center,Kent Garage At Kent Station P-r,301 Railroad Ave N,Kent,MT,1101.000000,Y,9.000000,,0.000000,,Y,,,,,Customer Information
Kent Station Surface Lot P-r,Kent Garage At Kent Station P-r,KEN,570,1002547.000000,1.000000,2.000000,y,301 RAILROAD AVE N,47.383210,-122.232240,34.000000,213.000000,12.000000,93.000000,105.000000,Kent Garage At Kent Station P-r,Kent Station Transit Center,Kent Garage At Kent Station P-r,301 Railroad Ave N,Kent,MT,1101.000000,Y,9.000000,,0.000000,,Y,,,,,Customer Information
South Sammamish P-r,South Sammamish P-r,98075,570,1002621.000000,1.000000,2.000000,,3015 228TH AVE SE,47.582708,-122.036190,34.000000,213.000000,12.000000,151.000000,31.000000,South Sammamish P-r,South Sammamish P&R,South Sammamish P-r,3015 228th Ave SE,Sammamish,MT,265.000000,,0.000000,Y,4.000000,,,,,,,
Preston P-r,Preston P-r,IS,570,1002338.000000,1.000000,2.000000,,30303 SE HIGH POINT WAY,47.527272,-121.937220,34.000000,213.000000,12.000000,126.000000,92.000000,Preston P-r,Preston P&R,Preston P-r,30303 SE High Point Way,Preston,MT,53.000000,,0.000000,,0.000000,,,,,,,
Gfpr,Granite Falls Park & Ride,98252,570,1752.000000,1.000000,1.000000,,305 S GRANITE AVE,48.080544,-121.968920,34.000000,8323072.000000,18.000000,17.000000,0.000000,Granite Falls Park & Ride,Granite Falls P&R,Granite Falls Park - Ride,305 S Granite Ave,Granite Falls,CT,0.000000,,0.000000,,0.000000,,,,,,,
Granite Falls Park - Ride,Granite Falls Park & Ride,98252,570,1751.000000,1.000000,1.000000,y,305 S GRANITE AVE,48.080544,-121.968920,34.000000,8323072.000000,18.000000,17.000000,0.000000,Granite Falls Park & Ride,Granite Falls P&R,Granite Falls Park - Ride,305 S Granite Ave,Granite Falls,CT,0.000000,,0.000000,,0.000000,,,,,,,
Granite Falls P-r,Granite Falls Park & Ride,98252,570,868.000000,1.000000,1.000000,y,305 S GRANITE AVE,48.080544,-121.968920,34.000000,8323072.000000,18.000000,17.000000,0.000000,Granite Falls Park & Ride,Granite Falls P&R,Granite Falls Park - Ride,305 S Granite Ave,Granite Falls,CT,0.000000,,0.000000,,0.000000,,,,,,,
Swamp Creek At 164th St Park - Ride,Swamp Creek at 164th St Park & Ride,LYNN,570,1180.000000,1.000000,1.000000,,3115 164TH ST SW,47.850161,-122.276560,34.000000,8323072.000000,18.000000,46.000000,156.000000,Swamp Creek at 164th St Park & Ride,Swamp Creek on 164th P&R,Swamp Creek At 164th St Park - Ride,3115 164th St SW,Lynnwood,CT,410.000000,,0.000000,Y,0.000000,,,,,,,
Swamp Creek P-r,Swamp Creek at 164th St Park & Ride,LYNN,570,645.000000,1.000000,1.000000,y,3115 164TH ST SW,47.850161,-122.276560,34.000000,8323072.000000,18.000000,46.000000,156.000000,Swamp Creek at 164th St Park & Ride,Swamp Creek on 164th P&R,Swamp Creek At 164th St Park - Ride,3115 164th St SW,Lynnwood,CT,410.000000,,0.000000,Y,0.000000,,,,,,,
Swcrpr,Swamp Creek at 164th St Park & Ride,LYNN,570,2442.000000,1.000000,1.000000,y,3115 164TH ST SW,47.850161,-122.276560,34.000000,8323072.000000,18.000000,46.000000,156.000000,Swamp Creek at 164th St Park & Ride,Swamp Creek on 164th P&R,Swamp Creek At 164th St Park - Ride,3115 164th St SW,Lynnwood,CT,410.000000,,0.000000,Y,0.000000,,,,,,,
Federal Way Transit Center P-r,Federal Way Transit Center P-r,FW,570,1002392.000000,1.000000,2.000000,,31621 23RD AVE S,47.317597,-122.305040,34.000000,213.000000,12.000000,79.000000,32.000000,Federal Way Transit Center P-r,Federal Way Transit Center,Federal Way Transit Center P-r,31621 23rd Avenue S,Federal Way,MT,1200.000000,,0.000000,,0.000000,,,,,Y,,
Federal Way/s 320th St P-r,Federal Way/s 320th St P-r,FW,570,1002337.000000,1.000000,2.000000,,32320 23RD AVE S,47.312558,-122.300580,34.000000,213.000000,12.000000,80.000000,91.000000,Federal Way/s 320th St P-r,Federal Way/S 320th St P&R,Federal Way/s 320th St P-r,32320 23rd Ave S,Federal Way,MT,877.000000,,0.000000,Y,6.000000,,,,,,,
Black Diamond Masonic Lodge P-r,Black Diamond Masonic Lodge P-r,BD,570,1002395.000000,1.000000,2.000000,,32523 3RD AVE BLACK DIAMOND,47.309481,-122.004330,34.000000,213.000000,12.000000,61.000000,35.000000,Black Diamond Masonic Lodge P-r,Black Diamond Masonic Lodge,Beverly Park First Baptist Church P-r,32532 3rd Avenue,Black Diamond,MT,30.000000,,0.000000,,0.000000,,,,,,,
Marysville Ii Park - Ride (AT 116TH ST N,Marysville II Park & Ride (at 116th St NE),MA,570,2511.000000,1.000000,1.000000,,3401 116TH ST NE (WEST OF I-5),48.100783,-122.186430,34.000000,8323072.000000,18.000000,29.000000,0.000000,Marysville II Park & Ride (at 116th St NE),Marysville II P&R,Marysville Ii Park - Ride (AT 116TH ST N,34th Ave NE & 116th St,Marysville,CT,57.000000,Y,8.000000,,0.000000,,,,,,,
Marysville Ii P-r (AT 116TH ST NE),Marysville II Park & Ride (at 116th St NE),MA,570,1786.000000,1.000000,1.000000,y,3401 116TH ST NE (WEST OF I-5),48.100783,-122.186430,34.000000,8323072.000000,18.000000,29.000000,0.000000,Marysville II Park & Ride (at 116th St NE),Marysville II P&R,Marysville Ii Park - Ride (AT 116TH ST N,34th Ave NE & 116th St,Marysville,CT,57.000000,Y,8.000000,,0.000000,,,,,,,
Msvliipr,Marysville II Park & Ride (at 116th St NE),MA,570,1787.000000,1.000000,1.000000,y,3401 116TH ST NE (WEST OF I-5),48.100783,-122.186430,34.000000,8323072.000000,18.000000,29.000000,0.000000,Marysville II Park & Ride (at 116th St NE),Marysville II P&R,Marysville Ii Park - Ride (AT 116TH ST N,34th Ave NE & 116th St,Marysville,CT,57.000000,Y,8.000000,,0.000000
The Church By The Side Of The Road P-r,The Church By The Side Of The Road P-r,98168,570,1002366.000000,1.000000,2.000000,,3455 S 148TH ST,47.470776,-122.285440,34.000000,213.000000,12.000000,67.000000,0.000000,The Church By The Side Of The Road P-r,Church By the Side of the Road,The Church By The Side Of The Road P-r,3455 S 148th St,Seattle,MT,28.000000,,0.000000,,0.000000
Snoqualmie Community Park P-r,Snoqualmie Community Park P-r,SNO,570,1002746.000000,1.000000,2.000000,,35016 SE RIDGE ST,47.532851,-121.873430,34.000000,213.000000,12.000000,144.000000,52.000000,Snoqualmie Community Park P-r,Snoqualmie Community Park,Snoqualmie Community Park P-r,35016 SE Ridge St,Snoqualmie,MT,20.000000,,0.000000,,0.000000
SW Spokane St P-r,SW Spokane St P-r,SEA,570,1002341.000000,1.000000,2.000000,,3599 26TH AVE SW,47.571599,-122.365070,34.000000,213.000000,12.000000,152.000000,96.000000,SW Spokane St P-r,Southwest Spokane St P&R,SW Spokane St P-r,3599 26th Ave SW,Seattle,MT,55.000000,,0.000000,,0.000000
Mercer Island Presbyterian Church P-r,Mercer Island Presbyterian Church P-r,MI,570,1002356.000000,1.000000,2.000000,,3605 84TH AVE SE,47.576460,-122.227530,34.000000,213.000000,12.000000,107.000000,112.000000,Mercer Island Presbyterian Church P-r,Mercer Island Presbyterian Church,Mercer Island Presbyterian Church P-r,3605 84th Ave SE,Mercer Island,MT,30.000000,,0.000000,,0.000000
Northgate Tc Extension Carpool P-r,Northgate Tc Extension P-r,SEA,570,1002653.000000,1.000000,2.000000,,3RD AVE NE & NE 103RD ST,47.703175,-122.325710,34.000000,213.000000,12.000000,119.000000,0.000000,Northgate Tc Extension P-r,Northgate Transit Center East P&R,Northgate Tc Extension Carpool P-r,3rd Ave NE & NE 103rd St,Seattle,MT,417.000000,Y,9.000000,,0.000000
Northgate Tc Extension P-r,Northgate Tc Extension P-r,SEA,570,1002652.000000,1.000000,2.000000,y,3RD AVE NE & NE 103RD ST,47.703156,-122.325850,34.000000,213.000000,12.000000,119.000000,0.000000,Northgate Tc Extension P-r,Northgate Transit Center East P&R,Northgate Tc Extension Carpool P-r,3rd Ave NE & NE 103rd St,Seattle,MT,417.000000,Y,9.000000,,0.000000
Northgate Mall P-r,Northgate Mall P-r,SEA,570,1000881.000000,1.000000,2.000000,,401 NE NORTHGATE WAY,47.703173,-122.327270,34.000000,213.000000,12.000000,117.000000,74.000000,Northgate Mall P-r,Northgate Mall P&R Garage,Northgate Mall P-r,NE 103rd St & 1st Ave NE,Seattle,MT,280.000000,Y,9.000000,,0.000000
Center St P-r,Center Street,TAC,570,3000481.000000,1.000000,2.000000,,4401 CENTER ST,47.232739,-122.495420,34.000000,213.000000,12.000000,181.000000,149.000000,Center Street,Center Street,Center St P-r,SR-16 & Center St,Tacoma,PT,75.000000,,0.000000,,0.000000
Newport Hills P-r,Newport Hills P-r,BEL,570,1000880.000000,1.000000,2.000000,,5115 113TH PL SE,47.556796,-122.189050,34.000000,213.000000,12.000000,113.000000,70.000000,Newport Hills P-r,Newport Hills P&R,Newport Hills P-r,5115 113th Pl SE,Newport Hills/Newcastle,MT,275.000000,,0.000000,Y,4.000000
S Tacoma East I P-r,South Tacoma East-1,TAC,570,3000477.000000,1.000000,2.000000,,5520 S ALASKA ST,47.207241,-122.458490,34.000000,213.000000,12.000000,197.000000,146.000000,South Tacoma East-1,South Tacoma Eastž1,South Tacoma East P-r,S 56th & Alaska (north side),Tacoma,PT,33.000000,,0.000000,,0.000000
Marysville United Methodist Church,Marysville United Methodist Church Park & Pool,MA,540,2135.000000,1.000000,3.000000,,5600 64TH STREET NE,48.053577,-122.155940,34.000000,2752512.000000,12.000000,30.000000,174.000000,Marysville United Methodist Church Park & Pool,Marysville United Methodist Church,Marysville United Methodist Church,5600 64th St NE,Marysville,CT,32.000000,,0.000000,,0.000000
Marysville United Methodist Church Park,Marysville United Methodist Church Park & Pool,MA,540,2506.000000,1.000000,3.000000,,5600 64TH STREET NE,48.053577,-122.155940,34.000000,2752512.000000,12.000000,30.000000,174.000000,Marysville United Methodist Church Park & Pool,Marysville United Methodist Church,Marysville United Methodist Church,5600 64th St NE,Marysville,CT,32.000000,,0.000000,,0.000000
S Tacoma East Ii P-r,South Tacoma East-2,TAC,570,3000478.000000,1.000000,2.000000,,5606 S ALASKA ST,47.206430,-122.458500,34.000000,213.000000,12.000000,198.000000,147.000000,South Tacoma East-2,South Tacoma Eastž2,South Tacoma East P-r,S 56th & Alaska (south side),Tacoma,PT,44.000000,,0.000000,,0.000000
S Tacoma West P-r,South Tacoma West,TAC,570,3000479.000000,1.000000,2.000000,,5805 TACOMA MALL BLVD,47.204600,-122.463890,34.000000,213.000000,12.000000,200.000000,145.000000,South Tacoma West,South Tacoma West,South Tacoma West P-r,S 56th & Tacoma Mall Blvd,Tacoma,PT,78.000000,,0.000000,,0.000000
Newport Hills Community Church P-r,Newport Hills Community Church P-r,BEL,570,1001077.000000,1.000000,2.000000,,5833 119TH AVE SE,47.551515,-122.178950,34.000000,213.000000,12.000000,112.000000,114.000000,Newport Hills Community Church P-r,Newport Hills Community Church,Newport Hills Community Church P-r,5833 119th Ave SE,Newport Hills/Newcastle,MT,37.000000,,0.000000,,0.000000
5th Ave Ne/ne 133rd St P-r,5th Ave Ne/ne 133rd St P-r,SEA,570,1002778.000000,1.000000,2.000000,,5TH AVE NE & NE 133RD ST,47.726018,-122.323750,34.000000,213.000000,12.000000,148.000000,67.000000,5th Ave Ne/ne 133rd St P-r,South Jackson Park P&R,5th Ave Ne/ne 133rd St P-r,5th Ave NE & NE 133rd St,Seattle,MT,46.000000,,0.000000,,0.000000
Sonrise Evangelical Free Church P-r,Sonrise Evangelical Free Church P-r,SEA,570,1002656.000000,1.000000,2.000000,,610 SW ROXBURY,47.517569,-122.343240,34.000000,213.000000,12.000000,145.000000,26.000000,Sonrise Evangelical Free Church P-r,Sonrise Evangelical Free Church,Sonrise Evangelical Free Church P-r,610 SW Roxbury,Seattle,MT,10.000000,,0.000000,,0.000000
Mltpr,Mountlake Terrace Park & Ride,98043,570,551.000000,1.000000,1.000000,,6101 236TH ST SW,47.785279,-122.315020,34.000000,8323072.000000,18.000000,35.000000,157.000000,Mountlake Terrace Park & Ride,Mountlake Terrace Transit Center,Mountlake Terrace Park - Ride,6101 236th St SW,Mountlake Terrace,CT,880.000000,,0.000000,Y,0.000000
Mountlake Terrace Park - Ride,Mountlake Terrace Park & Ride,98043,570,908.000000,1.000000,1.000000,y,6101 236TH ST SW,47.785279,-122.315020,34.000000,8323072.000000,18.000000,35.000000,157.000000,Mountlake Terrace Park & Ride,Mountlake Terrace Transit Center,Mountlake Terrace Park - Ride,6101 236th St SW,Mountlake Terrace,CT,880.000000,,0.000000,Y,0.000000
Mountlake Terrace P-r,Mountlake Terrace Park & Ride,98043,570,360.000000,1.000000,1.000000,y,6101 236TH ST SW,47.785279,-122.315020,34.000000,8323072.000000,18.000000,35.000000,157.000000,Mountlake Terrace Park & Ride,Mountlake Terrace Transit Center,Mountlake Terrace Park - Ride,6101 236th St SW,Mountlake Terrace,CT,880.000000,,0.000000,Y,0.000000
Mccollum Park Park - Ride,McCollum Park Park & Ride,98012,570,1302.000000,1.000000,1.000000,,620 128TH ST SE (NEAR DUMAS RD),47.879931,-122.220510,34.000000,8323072.000000,18.000000,32.000000,165.000000,McCollum Park Park & Ride,McCollum Park P&R,Mccollum Park Park - Ride,620 128th St SE (near Dumas Road),Mill Creek,CT,409.000000,Y,8.000000,Y,0.000000
Mccollum Park P-r,McCollum Park Park & Ride,98012,570,90.000000,1.000000,1.000000,y,620 128TH ST SE (NEAR DUMAS RD),47.879931,-122.220510,34.000000,8323072.000000,18.000000,32.000000,165.000000,McCollum Park Park & Ride,McCollum Park P&R,Mccollum Park Park - Ride,620 128th St SE (near Dumas Road),Mill Creek,CT,409.000000,Y,8.000000,Y,0.000000
Mccpr,McCollum Park Park & Ride,98012,570,553.000000,1.000000,1.000000,y,620 128TH ST SE (NEAR DUMAS RD),47.879931,-122.220510,34.000000,8323072.000000,18.000000,32.000000,165.000000,McCollum Park Park & Ride,McCollum Park P&R,Mccollum Park Park - Ride,620 128th St SE (near Dumas Road),Mill Creek,CT,409.000000,Y,8.000000,Y,0.000000
North Creek Presbyterian Church,North Creek Presbyterian Church Park & Pool,98012,540,2034.000000,1.000000,3.000000,,621 164TH STREET SE,47.849788,-122.223600,34.000000,2752512.000000,12.000000,36.000000,178.000000,North Creek Presbyterian Church Park & Pool,North Creek Presbyterian Church,North Creek Presbyterian Church,621 164th St SE,Mill Creek,CT,50.000000,,0.000000,,0.000000
North Creek Presbyterian Church Park - P,North Creek Presbyterian Church Park & Pool,98012,540,2440.000000,1.000000,3.000000,y,621 164TH STREET SE,47.849788,-122.223600,34.000000,2752512.000000,12.000000,36.000000,178.000000,North Creek Presbyterian Church Park & Pool,North Creek Presbyterian Church,North Creek Presbyterian Church,621 164th St SE,Mill Creek,CT,50.000000,,0.000000,,0.000000
Bethany Bible Church P-r,Bethany Bible Church P-r,98155,570,1002361.000000,1.000000,2.000000,,6214 BOTHELL WAY NE,47.759050,-122.259910,34.000000,213.000000,12.000000,58.000000,122.000000,Bethany Bible Church P-r,Bethany Bible Church,Bethany Bible Church P-r,6214 Bothell Way NE,Kenmore,MT,75.000000,Y,9.000000,,0.000000
Ppr - Purdy P-r,South Purdy,GH,570,3000486.000000,1.000000,2.000000,,6519 144TH ST NW,47.389012,-122.625660,34.000000,213.000000,12.000000,196.000000,0.000000,South Purdy,South Purdy,,SR-16 & Goodnough Dr NW,Purdy,PT,20.000000,,0.000000,,0.000000
Purdy P-r,South Purdy,GH,570,3000966.000000,1.000000,2.000000,y,6519 144TH ST NW,47.389012,-122.625660,34.000000,213.000000,12.000000,196.000000,0.000000,South Purdy,South Purdy,,SR-16 & Goodnough Dr NW,Purdy,PT,20.000000,,0.000000,,0.000000
Renton City Municipal Garage P-r,Renton City Municipal Garage P-r,REN,570,1002707.000000,1.000000,2.000000,,655 S 2ND ST,47.481331,-122.208430,34.000000,213.000000,12.000000,134.000000,23.000000,Renton City Municipal Garage P-r,Renton City Municipal Garage,Renton City Municipal Garage P-r,655 S 2nd St,Renton,MT,250.000000,Y,9.000000,,0.000000
I-5/ne 65th St/green Lake P-r,I-5/ne 65th St/green Lake P-r,SEA,570,1002650.000000,1.000000,2.000000,,6601 8TH AVE NE,47.675729,-122.320400,34.000000,11173632.000000,12.000000,82.000000,85.000000,I-5/ne 65th St/green Lake P-r,Green Lake P&R,,6601 8th Ave NE,Seattle,MT,411.000000,Y,9.000000,Y,22.000000
Calvary  Christian Assembly Church P-r,Calvary  Christian Assembly Church P-r,SEA,570,1002655.000000,1.000000,2.000000,,6810 8TH AVE NE,47.678075,-122.318740,34.000000,213.000000,12.000000,66.000000,20.000000,Calvary  Christian Assembly Church P-r,Calvary Christian Assembly Church,Calvary  Christian Assembly Church P-r,6810 8th Ave NE,,MT,125.000000,Y,9.000000,,0.000000
Our Saviour's Baptist Church P-r,Our Saviour's Baptist Church P-r,FW,570,1002363.000000,1.000000,2.000000,,701 S 320TH ST,47.314758,-122.324320,34.000000,213.000000,12.000000,122.000000,123.000000,Our Saviour's Baptist Church P-r,Our Saviour's Baptist Church,Our Savior Lutheran Church P-r,701 S 320th St,Federal Way,MT,24.000000,,0.000000,,0.000000,,,,,,,
Houghton P-r,Houghton P-r,KIRK,570,1002310.000000,1.000000,2.000000,,7024 116TH AVE NE,47.667925,-122.185340,34.000000,213.000000,12.000000,85.000000,48.000000,Houghton P-r,Houghton P&R,Houghton P-r,7024 116th Ave NE,Kirkland,MT,470.000000,,0.000000,Y,4.000000,,,,,,,
Mercer Is United Methodist Church P-r,Mercer Is United Methodist Church P-r,MI,570,1002355.000000,1.000000,2.000000,,7070 SE 24TH ST,47.589279,-122.244390,34.000000,213.000000,12.000000,108.000000,111.000000,Mercer Is United Methodist Church P-r,Mercer Island United Methodist Church,Mercer Is United Methodist Church P-r,7070 SE 24th St,Mercer Island,MT,18.000000,,0.000000,,0.000000,,,,,,,
Wilburton P-r,Wilburton P-r,BEL,570,1002334.000000,1.000000,2.000000,,720 114TH AVE SE,47.602849,-122.185200,34.000000,213.000000,12.000000,175.000000,87.000000,Wilburton P-r,Wilburton P&R,Wilburton P-r,720 114th Ave SE,Bellevue,MT,186.000000,Y,9.000000,,0.000000,Y,,,,,,
Narrows P-r,Narrows,TAC,570,3000977.000000,1.000000,2.000000,,7201 6TH AVE,47.255517,-122.532730,34.000000,213.000000,12.000000,189.000000,150.000000,Narrows,Narrows,Narrows P-r,6th Ave & N Skyline Dr,Tacoma,PT,195.000000,,0.000000,Y,0.000000,,,,,,,
Npr - Narrows P-r,Narrows,TAC,570,3000978.000000,1.000000,2.000000,,7201 6TH AVE,47.255517,-122.532730,34.000000,213.000000,12.000000,189.000000,150.000000,Narrows,Narrows,Narrows P-r,6th Ave & N Skyline Dr,Tacoma,PT,195.000000,,0.000000,Y,0.000000,,,,,,,
Tukwila Station P-r,Tukwila Station P-r,98188,570,1002785.000000,1.000000,2.000000,,7301 S 158TH ST,47.460894,-122.242850,34.000000,213.000000,12.000000,167.000000,106.000000,Tukwila Station P-r,Tukwila Commuter Rail Station,Tukwila Station P-r,7301 South Longacres Way,Tukwila,MT,219.000000,,0.000000,,0.000000,,Y,,,,,
Kenmore P-r,Kenmore P-r,98011,570,1002403.000000,1.000000,2.000000,,7346 NE BOTHELL WAY,47.757690,-122.243020,34.000000,213.000000,12.000000,90.000000,43.000000,Kenmore P-r,Kenmore P&R,Kenmore P-r,7346 NE Bothell Way,Kenmore,MT,603.000000,Y,9.000000,Y,8.000000,Y,,,,,,
Kenmore Community Church P-r,Kenmore Community Church P-r,98028,570,1002386.000000,1.000000,2.000000,y,7504 NE BOTHELL WAY,47.757014,-122.239900,34.000000,213.000000,12.000000,89.000000,25.000000,Kenmore Community Church P-r,Kenmore Community Church,Kenmore Community Church P-r,7504 NE Bothell Way,Kenmore,MT,15.000000,,0.000000,,0.000000,,,,,,,
Bear Creek P-r,Bear Creek P-r,RED,570,1002333.000000,1.000000,2.000000,,7760 178TH PL NE,47.674052,-122.100570,34.000000,213.000000,12.000000,54.000000,86.000000,Bear Creek P-r,Bear Creek P&R,Bear Creek P-r,7760 178th Pl NE,Redmond,MT,283.000000,Y,9.000000,Y,12.000000,,,,,,,
Mercer Island P-r,Mercer Island P-r,MI,570,1002594.000000,1.000000,2.000000,,7800 N MERCER WAY,47.588460,-122.231680,34.000000,213.000000,12.000000,106.000000,78.000000,Mercer Island P-r,Mercer Island P&R,Mercer Island P-r,8000 N Mercer Way,Mercer Island,MT,447.000000,Y,9.000000,,0.000000,,,,,,,Two-level parking garage
Edmonds Lutheran Church (ON 212TH ST),Edmonds Lutheran Church Park & Pool (on 212th St),98026,540,1991.000000,1.000000,3.000000,,8330 212TH STREET SW,47.806769,-122.345750,34.000000,2752512.000000,12.000000,11.000000,183.000000,Edmonds Lutheran Church Park & Pool (on 212th St),Edmonds Lutheran Church,Edmonds Lutheran Church (ON 212TH ST),8330 212th St SW,Edmonds,CT,10.000000,,0.000000,,0.000000,,,,,,,
Edmonds Lutheran Church Park - Pool (ON,Edmonds Lutheran Church Park & Pool (on 212th St),98026,540,2416.000000,1.000000,3.000000,y,8330 212TH STREET SW,47.806769,-122.345750,34.000000,2752512.000000,12.000000,11.000000,183.000000,Edmonds Lutheran Church Park & Pool (on 212th St),Edmonds Lutheran Church,Edmonds Lutheran Church (ON 212TH ST),8330 212th St SW,Edmonds,CT,10.000000,,0.000000,,0.000000,,,,,,,
St Thomas Episcopal Church P-r,St Thomas Episcopal Church P-r,98004,570,1002765.000000,1.000000,2.000000,,8398 NE 12TH ST,47.621211,-122.228390,34.000000,213.000000,12.000000,158.000000,53.000000,St Thomas Episcopal Church P-r,St. Thomas Episcopal Church,St Thomas Episcopal Church P-r,8329 NE 12th St,Medina,MT,52.000000,,0.000000,,0.000000,,,,,,,
South Mercer Island P-r,South Mercer Island P-r,MI,570,1002427.000000,1.000000,2.000000,,84TH AVE SE/SE 68TH ST,47.541905,-122.224950,34.000000,213.000000,12.000000,128.000000,115.000000,South Mercer Island P-r,QFC Village,South Mercer Island P-r,SE 68th St & 84th Ave SE,Mercer Island,MT,17.000000,,0.000000,,0.000000,,,,,,,
Korean United Presbyterian Church,Korean United Presbyterian Church Park & Pool,98026,540,1961.000000,1.000000,3.000000,,8506 238TH ST SW,47.782915,-122.347800,34.000000,2752512.000000,12.000000,21.000000,185.000000,Korean United Presbyterian Church Park & Pool,Korean United Presbyterian Church,Korean United Presbyterian Church,8506 238th St SW,Edmonds,CT,64.000000,,0.000000,,0.000000,,,,,,,
Korean United Presbyterian Church Park -,Korean United Presbyterian Church Park & Pool,98026,540,2405.000000,1.000000,3.000000,y,8506 238TH ST SW,47.782915,-122.347800,34.000000,2752512.000000,12.000000,21.000000,185.000000,Korean United Presbyterian Church Park & Pool,Korean United Presbyterian Church,Korean United Presbyterian Church,8506 238th St SW,Edmonds,CT,64.000000,,0.000000,,0.000000,,,,,,,
Redmond Interim P-r,Redmond Transit Center,RED,570,1002616.000000,1.000000,2.000000,,8701 160TH AVE NE,47.680872,-122.128150,34.000000,213.000000,12.000000,130.000000,79.000000,Redmond Transit Center,Redmond Transit Center / P&R Garage,Redmond Interim P-r,16160 NE 83rd St,Redmond,MT,385.000000,,0.000000,Y,12.000000,Y,,Y,12,,,"Park at Redmond P&R garage, 16201 NE 83rd St/some fac at P&R"
Stanwood Ii Park - Ride (AT MARINE DRIVE,Stanwood II Park & Ride (at Marine Drive),CISW,570,2521.000000,1.000000,1.000000,,8701 267TH ST NW (NEAR MARINE DR),48.239299,-122.349160,34.000000,8323072.000000,18.000000,43.000000,0.000000,Stanwood II Park & Ride (at Marine Drive),Stanwood II P&R,Stanwood Ii Park - Ride (AT MARINE DRIVE,8701 267th St NW (near Marine Dr),Stanwood,CT,74.000000,,0.000000,,0.000000,,,,,,,
Stanwood Ii P-r (AT MARINE DRIVE),Stanwood II Park & Ride (at Marine Drive),CISW,570,1903.000000,1.000000,1.000000,y,8701 267TH ST NW (NEAR MARINE DR),48.239299,-122.349160,34.000000,8323072.000000,18.000000,43.000000,0.000000,Stanwood II Park & Ride (at Marine Drive),Stanwood II P&R,Stanwood Ii Park - Ride (AT MARINE DRIVE,8701 267th St NW (near Marine Dr),Stanwood,CT,74.000000,,0.000000,,0.000000,,,,,,,
Stwdiipr,Stanwood II Park & Ride (at Marine Drive),CISW,570,2522.000000,1.000000,1.000000,y,8701 267TH ST NW (NEAR MARINE DR),48.239299,-122.349160,34.000000,8323072.000000,18.000000,43.000000,0.000000,Stanwood II Park & Ride (at Marine Drive),Stanwood II P&R,Stanwood Ii Park - Ride (AT MARINE DRIVE,8701 267th St NW (near Marine Dr),Stanwood,CT,74.000000,,0.000000,,0.000000,,,,,,,
Olson Pl Sw/myers Way P-r,Olson Pl Sw/myers Way P-r,SEA,570,1002314.000000,1.000000,2.000000,,9000 OLSON PL SW,47.519887,-122.336150,34.000000,213.000000,12.000000,121.000000,55.000000,Olson Pl Sw/myers Way P-r,Olson Place & Myers Way P&R,Olson Pl Sw/myers Way P-r,9000 Olson Pl SW,Seattle,MT,100.000000,Y,9.000000,,0.000000,,,,,,,
South Federal Way P-r,South Federal Way P-r,FW,570,1002316.000000,1.000000,2.000000,,901 S 348TH ST,47.289455,-122.322510,34.000000,213.000000,12.000000,147.000000,58.000000,South Federal Way P-r,South Federal Way P&R,South Federal Way P-r,901 S 348th St,Federal Way,MT,515.000000,,0.000000,,0.000000,,,,,,,
Kent/james Street P-r,Kent/james Street P-r,KEN,570,1002336.000000,1.000000,2.000000,,902 W JAMES ST,47.385605,-122.243360,34.000000,213.000000,12.000000,95.000000,90.000000,Kent/james Street P-r,Kent/James St P&R,Kent/james Street P-r,902 W James St,Kent,MT,715.000000,,0.000000,Y,4.000000,,,,,,,
Key Center P-r,Key Center,98349,570,3000485.000000,1.000000,2.000000,,9021 KEY PENINSULA HWY N,47.339407,-122.746150,34.000000,213.000000,12.000000,186.000000,155.000000,Key Center,Key Center,Key Center P-r,9021 Key Peninsula Hwy,,PT,12.000000,,0.000000,,0.000000,,,,,,,
Eastmont Park - Ride,Eastmont Park & Ride,98208,570,1411.000000,1.000000,1.000000,,9029 E EL CAPITAN WY,47.915388,-122.204600,34.000000,8323072.000000,18.000000,7.000000,170.000000,Eastmont Park & Ride,Eastmont P&R,Eastmont Park - Ride,9029 E El Capitan Way,Everett,CT,389.000000,,0.000000,Y,0.000000,,,,,,,
Eastmont P-r,Eastmont Park & Ride,98208,570,51.000000,1.000000,1.000000,y,9029 E EL CAPITAN WY,47.915388,-122.204600,34.000000,8323072.000000,18.000000,7.000000,170.000000,Eastmont Park & Ride,Eastmont P&R,Eastmont Park - Ride,9029 E El Capitan Way,Everett,CT,389.000000,,0.000000,Y,0.000000,,,,,,,
Esmtpr,Eastmont Park & Ride,98208,570,1412.000000,1.000000,1.000000,y,9029 E EL CAPITAN WY,47.915388,-122.204600,34.000000,8323072.000000,18.000000,7.000000,170.000000,Eastmont Park & Ride,Eastmont P&R,Eastmont Park - Ride,9029 E El Capitan Way,Everett,CT,389.000000,,0.000000,Y,0.000000,,,,,,,
Elim Evangelical P-r,Elim Evangelical,PY,570,3000496.000000,1.000000,2.000000,,94TH AVE E & 128TH ST E,47.140272,-122.304040,34.000000,213.000000,12.000000,184.000000,141.000000,Elim Evangelical,Elim Evangelical Free Church,Elim Evangelical P-r,9421 128th St. E,Puyallup,PT,20.000000,,0.000000,,0.000000,,,,,,,
Lake Stevens Park - Ride,Lake Stevens Park & Ride,LS,570,2295.000000,1.000000,1.000000,,9600 MARKET PLACE (EAST OF HWY 9),47.999629,-122.104270,34.000000,8323072.000000,18.000000,22.000000,0.000000,Lake Stevens Park & Ride,Lake Stevens Transit Center,Lake Stevens Park - Ride,9600 Market Place,Lake Stevens,CT,207.000000,,0.000000,Y,0.000000,,,,,,,
Lake Stevens P-r,Lake Stevens Park & Ride,LS,570,2296.000000,1.000000,1.000000,y,9600 MARKET PLACE (EAST OF HWY 9),47.999629,-122.104270,34.000000,8323072.000000,18.000000,22.000000,0.000000,Lake Stevens Park & Ride,Lake Stevens Transit Center,Lake Stevens Park - Ride,9600 Market Place,Lake Stevens,CT,207.000000,,0.000000,Y,0.000000,,,,,,,
Lkspr,Lake Stevens Park & Ride,LS,570,2491.000000,1.000000,1.000000,y,9600 MARKET PLACE (EAST OF HWY 9),47.999629,-122.104270,34.000000,8323072.000000,18.000000,22.000000,0.000000,Lake Stevens Park & Ride,Lake Stevens Transit Center,Lake Stevens Park - Ride,9600 Market Place,Lake Stevens,CT,207.000000,,0.000000,Y,0.000000,,,,,,,
Holy Cross Lutheran Church,Holy Cross Lutheran Church Park & Pool,98205,540,2100.000000,1.000000,3.000000,,9613 20TH ST SE (AT HWY 9),47.978304,-122.102100,34.000000,2752512.000000,12.000000,18.000000,0.000000,Holy Cross Lutheran Church Park & Pool,Holy Cross Lutheran Church,Holy Cross Lutheran Church,9613 20th St SE,Lake Stevens,CT,35.000000,,0.000000,,0.000000,,,,,,,
Holy Cross Lutheran Church Park - Pool,Holy Cross Lutheran Church Park & Pool,98205,540,2099.000000,1.000000,3.000000,y,9613 20TH ST SE (AT HWY 9),47.978304,-122.102100,34.000000,2752512.000000,12.000000,18.000000,0.000000,Holy Cross Lutheran Church Park & Pool,Holy Cross Lutheran Church,Holy Cross Lutheran Church,9613 20th St SE,Lake Stevens,CT,35.000000,,0.000000,,0.000000,,,,,,,
Grace Lutheran Church P-r,Grace Lutheran Church P-r,98004,570,1002394.000000,1.000000,2.000000,,9625 NE 8TH ST,47.616893,-122.210710,34.000000,213.000000,12.000000,81.000000,34.000000,Grace Lutheran Church P-r,Grace Lutheran Church,Grace Lutheran Church P-r,NE 8th St & 96th Ave NE,Bellevue,MT,50.000000,Y,9.000000,,0.000000,,,,,,,
Holy Family Church P-r,Holy Family Church P-r,SEA,570,1000892.000000,1.000000,2.000000,,9641 20TH AVE SW,47.517229,-122.358720,34.000000,213.000000,12.000000,83.000000,117.000000,Holy Family Church P-r,Holy Family Church,Holy Family Church P-r,9641 20th Avenue SW,Seattle,MT,23.000000,,0.000000,,0.000000,,,,,,,
Tibbetts Valley Park P-r,Tibbetts Valley Park P-r,IS,570,1002552.000000,1.000000,2.000000,,965 12TH AVE NW ISSAQUAH,47.541617,-122.056980,34.000000,213.000000,12.000000,165.000000,12.000000,Tibbetts Valley Park P-r,Tibbetts Valley Park P&R,Tibbetts Valley Park P-r,965 12th Ave NW,Issaquah,MT,27.000000,,0.000000,,0.000000,,,,,,,
Airport/spokane P-r,Airport/spokane P-r,SEA,570,1002339.000000,1.000000,2.000000,,AIRPORT WAY/SPOKANE ST,47.572054,-122.323130,34.000000,213.000000,12.000000,47.000000,94.000000,Airport/spokane P-r,Airport & Spokane P&R,Airport/spokane P-r,Airport Wy S & S Spokane St,Seattle,MT,25.000000,Y,9.000000,,0.000000,,,,,,,
Marysville I Park - Ride (SOUTH OF 4TH S,Marysville I Park & Ride (south of 4th St),MA,570,2505.000000,1.000000,1.000000,,ASH AVE & 2ND ST,48.050006,-122.183260,34.000000,8323072.000000,18.000000,28.000000,0.000000,Marysville I Park & Ride (south of 4th St),Marysville I P&R,Marysville I Park - Ride (SOUTH OF 4TH S,Ash Ave & 2nd St,Marysville,CT,74.000000,,0.000000,,0.000000,,,,,,,
Marysville I P-r (SOUTH OF 4TH ST),Marysville I Park & Ride (south of 4th St),MA,570,1684.000000,1.000000,1.000000,y,ASH AVE & 2ND ST,48.050006,-122.183260,34.000000,8323072.000000,18.000000,28.000000,0.000000,Marysville I Park & Ride (south of 4th St),Marysville I P&R,Marysville I Park - Ride (SOUTH OF 4TH S,Ash Ave & 2nd St,Marysville,CT,74.000000,,0.000000,,0.000000,,,,,,,
Msvlipr,Marysville I Park & Ride (south of 4th St),MA,570,1685.000000,1.000000,1.000000,y,ASH AVE & 2ND ST,48.050006,-122.183260,34.000000,8323072.000000,18.000000,28.000000,0.000000,Marysville I Park & Ride (south of 4th St),Marysville I P&R,Marysville I Park - Ride (SOUTH OF 4TH S,Ash Ave & 2nd St,Marysville,CT,74.000000,,0.000000,,0.000000,,,,,,,
Marysville Ash Ave Park - Ride,Marysville Ash Ave Park & Ride,MA,570,1698.000000,1.000000,1.000000,,ASH AVE & 6TH ST,48.053815,-122.183850,34.000000,8323072.000000,18.000000,26.000000,0.000000,Marysville Ash Ave Park & Ride,Marysville Ash Avenue P&R,Marysville Ash Ave Park - Ride,Ash Ae & 6th St,Marysville,CT,202.000000,,0.000000,Y,0.000000,,,,,,,
Marysville Ash Ave P-r,Marysville Ash Ave Park & Ride,MA,570,768.000000,1.000000,1.000000,y,ASH AVE & 6TH ST,48.053815,-122.183850,34.000000,8323072.000000,18.000000,26.000000,0.000000,Marysville Ash Ave Park & Ride,Marysville Ash Avenue P&R,Marysville Ash Ave Park - Ride,Ash Ae & 6th St,Marysville,CT,202.000000,,0.000000,Y,0.000000,,,,,,,
Msvlashpr,Marysville Ash Ave Park & Ride,MA,570,1699.000000,1.000000,1.000000,y,ASH AVE & 6TH ST,48.053815,-122.183850,34.000000,8323072.000000,18.000000,26.000000,0.000000,Marysville Ash Ave Park & Ride,Marysville Ash Avenue P&R,Marysville Ash Ave Park - Ride,Ash Ae & 6th St,Marysville,CT,202.000000,,0.000000,Y,0.000000,,,,,,,
St Lukes Lutheran Church P-r,St Lukes Lutheran Church P-r,98004,570,1002354.000000,1.000000,2.000000,,BELLEVUE WY NE/NE 30TH PL,47.637801,-122.201420,34.000000,213.000000,12.000000,155.000000,110.000000,St Lukes Lutheran Church P-r,St Luke®s Lutheran Church,St Lukes Lutheran Church P-r,3030 104th Avenue NE,Bellevue,MT,30.000000,,0.000000,,0.000000,,,,,,,
Sulpr,Sultan Park & Ride,98294,570,1228.000000,1.000000,1.000000,,HWY 2 & 10TH ST,47.863224,-121.802900,34.000000,8323072.000000,18.000000,45.000000,160.000000,Sultan Park & Ride,Sultan P&R,Sultan Park - Ride,Hwy 2 & 10th St,Monroe,CT,64.000000,,0.000000,,0.000000,,,,,,,Temporarily closed through July 31. Alternate parking
Sultan Park - Ride,Sultan Park & Ride,98294,570,1227.000000,1.000000,1.000000,y,HWY 2 & 10TH ST,47.863224,-121.802900,34.000000,8323072.000000,18.000000,45.000000,160.000000,Sultan Park & Ride,Sultan P&R,Sultan Park - Ride,Hwy 2 & 10th St,Monroe,CT,64.000000,,0.000000,,0.000000,,,,,,,Temporarily closed through July 31. Alternate parking
Sultan P-r,Sultan Park & Ride,98294,570,117.000000,1.000000,1.000000,y,HWY 2 & 10TH ST,47.863224,-121.802900,34.000000,8323072.000000,18.000000,45.000000,160.000000,Sultan Park & Ride,Sultan P&R,Sultan Park - Ride,Hwy 2 & 10th St,Monroe,CT,64.000000,,0.000000,,0.000000,,,,,,,Temporarily closed through July 31. Alternate parking
Glbrpr,Gold Bar Park & Ride,98251,570,1184.000000,1.000000,1.000000,,HWY 2 & FIRST ST,47.856946,-121.701900,34.000000,8323072.000000,18.000000,16.000000,159.000000,Gold Bar Park & Ride,Gold Bar P&R,Gold Bar Park - Ride,U.S. 2 & First St,Monroe,CT,28.000000,,0.000000,,0.000000
Gold Bar Park - Ride,Gold Bar Park & Ride,98251,570,1183.000000,1.000000,1.000000,y,HWY 2 & FIRST ST,47.856946,-121.701900,34.000000,8323072.000000,18.000000,16.000000,159.000000,Gold Bar Park & Ride,Gold Bar P&R,Gold Bar Park - Ride,U.S. 2 & First St,Monroe,CT,28.000000,,0.000000,,0.000000
Gold Bar P-r,Gold Bar Park & Ride,98251,570,644.000000,1.000000,1.000000,y,HWY 2 & FIRST ST,47.856946,-121.701900,34.000000,8323072.000000,18.000000,16.000000,159.000000,Gold Bar Park & Ride,Gold Bar P&R,Gold Bar Park - Ride,U.S. 2 & First St,Monroe,CT,28.000000,,0.000000,,0.000000
Arlington Park - Ride,Arlington Park & Ride,98223,570,1871.000000,1.000000,1.000000,,HWY 9 & 4TH ST,48.196202,-122.129220,34.000000,8323072.000000,18.000000,2.000000,163.000000,Arlington Park & Ride,Arlington P&R,Arlington Park - Ride,Hwy 9 & 4th St,Arlington,CT,25.000000,,0.000000,,0.000000
Arlington P-r,Arlington Park & Ride,98223,570,167.000000,1.000000,1.000000,y,HWY 9 & 4TH ST,48.196202,-122.129220,34.000000,8323072.000000,18.000000,2.000000,163.000000,Arlington Park & Ride,Arlington P&R,Arlington Park - Ride,Hwy 9 & 4th St,Arlington,CT,25.000000,,0.000000,,0.000000
Arlpr,Arlington Park & Ride,98223,570,574.000000,1.000000,1.000000,y,HWY 9 & 4TH ST,48.196202,-122.129220,34.000000,8323072.000000,18.000000,2.000000,163.000000,Arlington Park & Ride,Arlington P&R,Arlington Park - Ride,Hwy 9 & 4th St,Arlington,CT,25.000000,,0.000000,,0.000000
Klahanie #3 P-r,Klahanie #3 P-r,IS,570,1002370.000000,1.000000,2.000000,,KLAHANIE DR SE & SE 40TH ST,47.570634,-121.998310,34.000000,213.000000,12.000000,100.000000,4.000000,Klahanie #3 P-r,Klahanie #3 P&R,Klahanie #3 P-r,Klahanie Dr. SE & SE 40th St,Issaquah,MT,30.000000,,0.000000,,0.000000
Renton Boeing Lot 12 P-r,Renton Boeing Lot 12 P-r,REN,570,1002701.000000,1.000000,2.000000,,N 6TH ST & PARK AVE N,47.492290,-122.202400,34.000000,213.000000,12.000000,133.000000,22.000000,Renton Boeing Lot 12 P-r,Renton Boeing Lot 12,Renton Boeing Lot 12 P-r,N 6th St & Park Ave N,Renton,MT,225.000000,Y,9.000000,,0.000000
Sumner Sounder Station,Sumner Sounder Station,98390,510,1002574.000000,1.000000,2.000000,,NARROW AVE & ACADEMY ST,47.201078,-122.244670,34.000000,0.000000,12.000000,202.000000,137.000000,Sumner Sounder Station,Sumner Sounder Station,Sumner Sounder Station,810 Maple St,Sumner,PT,286.000000,,0.000000,,0.000000
Shoreline United Methodist Church P-r,Shoreline United Methodist Church P-r,98155,570,1002351.000000,1.000000,2.000000,,NE 145TH ST/25TH AVE NE,47.734445,-122.302310,34.000000,213.000000,12.000000,143.000000,108.000000,Shoreline United Methodist Church P-r,Shoreline United Methodist Church,Shoreline United Methodist Church P-r,14511 25th Ave NE,Shoreline,MT,20.000000,,0.000000,,0.000000
Stanwood I Park - Ride (AT I-5),Stanwood I Park & Ride (at I-5),CISW,570,1896.000000,1.000000,1.000000,,OLD HWY 99 & HWY 532 (WEST OF I-5),48.238561,-122.243400,34.000000,8323072.000000,18.000000,42.000000,0.000000,Stanwood I Park & Ride (at I-5),Stanwood I P&R,Stanwood I Park - Ride (AT I-5),Old Hwy 99 & Hwy 532 (west of I-5),Stanwood,CT,147.000000,Y,8.000000,Y,0.000000
Stanwood I P-r (AT I-5),Stanwood I Park & Ride (at I-5),CISW,570,1897.000000,1.000000,1.000000,y,OLD HWY 99 & HWY 532 (WEST OF I-5),48.238561,-122.243400,34.000000,8323072.000000,18.000000,42.000000,0.000000,Stanwood I Park & Ride (at I-5),Stanwood I P&R,Stanwood I Park - Ride (AT I-5),Old Hwy 99 & Hwy 532 (west of I-5),Stanwood,CT,147.000000,Y,8.000000,Y,0.000000
Stwdipr,Stanwood I Park & Ride (at I-5),CISW,570,2520.000000,1.000000,1.000000,y,OLD HWY 99 & HWY 532 (WEST OF I-5),48.238561,-122.243400,34.000000,8323072.000000,18.000000,42.000000,0.000000,Stanwood I Park & Ride (at I-5),Stanwood I P&R,Stanwood I Park - Ride (AT I-5),Old Hwy 99 & Hwy 532 (west of I-5),Stanwood,CT,147.000000,Y,8.000000,Y,0.000000
S Purdy P-r,South Purdy,GH,570,3000492.000000,1.000000,2.000000,,PURDY DR NW & 144TH ST NW,47.389012,-122.626120,34.000000,213.000000,12.000000,196.000000,0.000000,South Purdy,South Purdy,,SR-16 & Goodnough Dr NW,Purdy,PT,20.000000,,0.000000,,0.000000
South Tacoma East P-r,South Tacoma East-1,TAC,570,3000732.000000,1.000000,2.000000,,S 56TH ST & S ALASKA ST,47.206485,-122.458540,34.000000,213.000000,12.000000,197.000000,146.000000,South Tacoma East-1,South Tacoma Eastž1,South Tacoma East P-r,S 56th & Alaska (north side),Tacoma,PT,33.000000,,0.000000,,0.000000
South Tacoma West P-r,South Tacoma West,TAC,570,3000731.000000,1.000000,2.000000,,S 56TH ST & TACOMA MALL BLVD,47.206499,-122.463870,34.000000,213.000000,12.000000,200.000000,145.000000,South Tacoma West,South Tacoma West,South Tacoma West P-r,S 56th & Tacoma Mall Blvd,Tacoma,PT,78.000000,,0.000000,,0.000000
Farmers Park P-r,Farmers Park P-r,EN,570,1002364.000000,1.000000,2.000000,,SE 436TH ST/228TH AVE SE,47.210379,-122.039310,34.000000,213.000000,12.000000,78.000000,126.000000,Farmers Park P-r,Farmers Park P&R,Farmers Park P-r,SE 436th St & 228th Ave SE,Enumclaw,MT,25.000000,,0.000000,,0.000000
Klahanie #1 P-r,Klahanie #1 P-r,IS,570,1002550.000000,1.000000,2.000000,,SE KLAHANIE BLVD/244TH PL SE,47.569812,-122.014760,34.000000,213.000000,12.000000,99.000000,116.000000,Klahanie #1 P-r,Klahanie #1 P&R,Klahanie #1 P-r,SE Klahanie Blvd & 244th Pl SE,Issaquah,MT,30.000000,,0.000000,,0.000000
March's Point Park - Ride,March's Point Park - Ride,UNK,570,1954.000000,1.000000,1.000000,,SOUTH MARCH'S POINT RD & SR 20,48.458772,-122.525540,34.000000,8323072.000000,18.000000,500.000000,500.000000,March's Point Park - Ride,March's Point Park - Ride,March's Point Park - Ride,South March's Point Rd,Anacortes,OTH,100.000000,,0.000000,,0.000000
March's Point P-r,March's Point Park - Ride,UNK,570,1955.000000,1.000000,1.000000,y,SOUTH MARCH'S POINT RD & SR 20,48.458772,-122.525540,34.000000,8323072.000000,18.000000,500.000000,500.000000,March's Point Park - Ride,March's Point Park - Ride,March's Point Park - Ride,South March's Point Rd,Anacortes,OTH,100.000000,,0.000000,,0.000000
Mppr,March's Point Park - Ride,UNK,570,1956.000000,1.000000,1.000000,y,SOUTH MARCH'S POINT RD & SR 20,48.458772,-122.525540,34.000000,8323072.000000,18.000000,500.000000,500.000000,March's Point Park - Ride,March's Point Park - Ride,March's Point Park - Ride,South March's Point Rd,Anacortes,OTH,100.000000,,0.000000,,0.000000
Evergreen Point Bridge P-r,Evergreen Point Bridge P-r,98039,570,1002327.000000,1.000000,2.000000,,SR 520/76TH AVE NE,47.636803,-122.238470,34.000000,213.000000,12.000000,75.000000,68.000000,Evergreen Point Bridge P-r,Evergreen Point Bridge,Evergreen Point Bridge P-r,SR-520 & Evergreen Point Rd,Medina,MT,51.000000,,0.000000,,0.000000
Tcpr,Terry's Corner Park - Ride,UNK,570,1934.000000,1.000000,1.000000,,SR 532 & E NORTH CAMANO DR,48.242549,-122.452130,34.000000,8323072.000000,18.000000,501.000000,501.000000,Terry's Corner Park - Ride,Terry's Corner Park - Ride,Terry's Corner Park - Ride,848 N Sunrise Blvd,Camano Island,OTH,80.000000,,0.000000,,0.000000
Terry's Corner Park - Ride,Terry's Corner Park - Ride,UNK,570,1932.000000,1.000000,1.000000,y,SR 532 & E NORTH CAMANO DR,48.242549,-122.452130,34.000000,8323072.000000,18.000000,501.000000,501.000000,Terry's Corner Park - Ride,Terry's Corner Park - Ride,Terry's Corner Park - Ride,848 N Sunrise Blvd,Camano Island,OTH,80.000000,,0.000000,,0.000000
Terry's Corner P-r,Terry's Corner Park - Ride,UNK,570,1933.000000,1.000000,1.000000,y,SR 532 & E NORTH CAMANO DR,48.242549,-122.452130,34.000000,8323072.000000,18.000000,501.000000,501.000000,Terry's Corner Park - Ride,Terry's Corner Park - Ride,Terry's Corner Park - Ride,848 N Sunrise Blvd,Camano Island,OTH,80.000000,,0.000000,,0.000000
Duvall P-r,Duvall P-r,DU,570,1002343.000000,1.000000,2.000000,,SR-203 & WOODINVILLE DUVALL RD,47.743134,-121.985720,34.000000,213.000000,12.000000,71.000000,98.000000,Duvall P-r,Duvall P&R,Duvall P-r,SR 203 & Woodinville/Duvall Road,Duvall,MT,49.000000,,0.000000,,0.000000
Beverly Park First Baptist Church P-r,,98168,570,1002383.000000,1.000000,2.000000,,11659 1ST AVE S,47.498836,-122.333720,34.000000,213.000000,12.000000,0.000000,0.000000,,,,,,,0.000000,,0.000000,,0.000000
Navy Comex P-r,,MA,570,4000787.000000,0.000000,3.000000,,13910 45TH AVE NE,48.121790,-122.174340,34.000000,11173632.000000,12.000000,0.000000,0.000000,,,,,,,0.000000,,0.000000,,0.000000
Redmond Home Depot P-r,,RED,570,1002770.000000,1.000000,2.000000,,17777 NE 76TH STREET,47.670859,-122.101190,34.000000,213.000000,12.000000,0.000000,0.000000,,,,,,,0.000000,,0.000000,,0.000000
Renton P-r,,REN,570,1002710.000000,1.000000,2.000000,,232 BURNETT AVE S,47.481471,-122.207670,34.000000,213.000000,12.000000,0.000000,0.000000,,,,,,,0.000000,,0.000000,,0.000000
St Matthew Lutheran Church P&r,,NCREN,570,1000879.000000,1.000000,2.000000,,2516 NE 16TH ST,47.506882,-122.183750,34.000000,11173632.000000,12.000000,0.000000,0.000000,,,,,,,0.000000,,0.000000,,0.000000
Fred Meyer P-r,,REN,570,1002369.000000,1.000000,2.000000,,365 RENTON CENTER WAY SW,47.479010,-122.220070,34.000000,213.000000,12.000000,0.000000,0.000000,,,,,,,0.000000,,0.000000,,0.000000
St Luke's Lutheran Church P-r,St Luke's Lutheran Church P-r FW,FW,570,1002558.000000,1.000000,2.000000,,515 S 312TH ST (FEDERAL WAY),47.322086,-122.326400,34.000000,213.000000,12.000000,0.000000,0.000000,,,,,,,0.000000,,0.000000,,0.000000
Burien Municipal Parking Lot,,98166,570,1002742.000000,1.000000,2.000000,,634 SW 151ST,47.467789,-122.343320,34.000000,213.000000,12.000000,0.000000,0.000000,,,,,,,0.000000,,0.000000,,0.000000
Puyallup P-r,,PY,570,3000483.000000,1.000000,2.000000,,9421 128TH ST E,47.140266,-122.303340,34.000000,213.000000,12.000000,0.000000,0.000000,,,,,,,0.000000,,0.000000,,0.000000
Allen York Park P-r,,BL,570,3000484.000000,1.000000,2.000000,,BONNEY LAKE BLVD & W TAPPS HWY E,47.191674,-122.165460,34.000000,213.000000,12.000000,0.000000,0.000000,,,,,,,0.000000,,0.000000,,0.000000
Pt Defiance Ferry P-r,,98407,570,3000498.000000,1.000000,2.000000,,FERRY LANDING RD & N WATERFRONT DR,47.305326,-122.514020,34.000000,11173632.000000,12.000000,0.000000,0.000000,,,,,,,0.000000,,0.000000,,0.000000
Sr 908/kirkland Way P-r,,KIRK,570,1002328.000000,1.000000,2.000000,,I-405/NE 85TH ST,47.678995,-122.187610,34.000000,213.000000,12.000000,0.000000,0.000000,,,,,,,0.000000,,0.000000,,0.000000
Our Savior Lutheran Church P-r,,SEA,570,1000896.000000,1.000000,2.000000,,NE 125TH ST & 27TH AVE NE (SEATTLE),47.719450,-122.299310,34.000000,213.000000,12.000000,0.000000,0.000000,,,,,,,0.000000,,0.000000,,0.000000
Peasley Canyon Rd/west Valley Hwy P-r,,98001,570,1002543.000000,1.000000,2.000000,,PEASLEY CANYON RD/WEST VALLEY HWY,47.302087,-122.257500,34.000000,213.000000,12.000000,0.000000,0.000000,,,,,,,0.000000,,0.000000,,0.000000
Sr 18/auburn- Black Diamond Rd P-r,,AU,570,1002697.000000,1.000000,2.000000,,SR 18/AUBURN-BLACK DIAMOND RD,47.300443,-122.182040,34.000000,213.000000,12.000000,0.000000,0.000000,,,,,,,0.000000,,0.000000,,0.000000
Tahlequah P-r,,VA,570,1002539.000000,1.000000,2.000000,,SW TAHLEQUAH RD & VASHON HWY SW,47.333179,-122.506570,34.000000,213.000000,12.000000,0.000000,0.000000,,,,,,,0.000000,,0.000000,,0.000000